"nombre"	"tipo_centro"	"dir"	"horario"	"dias"	"lon"	"lat"	"tipo"	"entidades_que_apoya"	"entidad"
"Instituto Nacional de Perinatología"	"Académico"	"Calle Montes Urales 800, Miguel Hidalgo, Lomas Virreyes, 11000 Ciudad de México, CDMX"	""	""	-99.2058139	19.4231682	"Alimentos y agua, Higiene personal, Limpieza del hogar, Primeros auxilios, Alimento para mascotas"	"Juchitán"	"CDMX"
"Locatel"	"Gobierno"	"Heroes del 47 No. 113, San Mateo Churubusco, 04120 Coyoacán, CDMX"	"9:00 - 18:00"	"Lunes a domingo"	-99.1499681	19.3514956	"Alimentos y agua, Higiene personal, Limpieza del hogar"	"Oaxaca, Chiapas"	"CDMX"
"Restaurante Comixcal"	"Ciudadano"	"Dr. Atl 176, Sta María la Ribera, 06400 Ciudad de México, CDMX"	"14:30 - 22:00"	""	-99.1563685	19.4484336	"Alimentos y agua, Higiene personal, Limpieza del hogar, Ropa"	"Juchitán"	"CDMX"
"PRI Nacional"	"Ciudadano"	"Avenida Insurgentes Norte 59, Buenavista, 06359 Cuauhtémoc, CDMX, Mexico"	""	""	-99.154322	19.441615	"Alimentos, Higiene Personal, Limpieza del Hogar"	"12 entidades federativas afectadas"	"CDMX"
"Instancia Coordinadora Nacional de la Sección XXII de Oaxaca"	"Ciudadano"	"Av. Coyoacán 939, Col del Valle Centro, 03100 Ciudad de México, CDMX"	""	""	-99.1686104	19.381953	"Medicamentos, Material de de curación"	"Istmo"	"CDMX"
"Centro Cultural Macario Matus"	"Ciudadano"	"Almacenes 74, Cuauhtémoc, 06900 Ciudad de México, CDMX"	""	""	-99.1358887	19.4508045	"Alimentos y agua, Higiene personal, Limpieza del hogar"	"Juchitán"	"CDMX"
"Zócalo"	"Gobierno"	"Plaza de la Constitución S/N, Centro, Cuauhtémoc, 06010 Ciudad de México, CDMX, Mexico"	"9:00 - 18:00"	"Lunes a Domingo"	-99.1324569	19.4332677	"Artículos de primera necesidad, Higiene personal, Limpieza del hogar"	"Oaxaca, Chiapas"	"CDMX"
"Sandoval Contadores Públicos"	"Ciudadano"	"Lago Wetter 134, Cuauhtémoc Pensil, 11490 Ciudad de México, CDMX"	""	""	-99.1937932	19.4449117	""	"Istmo"	"CDMX"
"ENAH"	"Académico"	"Periférico Sur y Zapote s/n. Colonia Isidro Fabela, Tlalpan, Isidro Fabela, 14030 Ciudad de México, CDMX"	"7:00 - 15:00"	""	-99.1798404	19.3023275	""	"Pueblos huaves, Juchitán"	"CDMX"
"UNAM - Estadio Olímpico Universtario"	"Académico"	"Universidad Nacional Autonoma de Mexico C.U., Av de los Insurgentes Sur S/N, Cd. Universitaria, 04510 Ciudad de México, CDMX, Mexico"	"9:00 - 17:00"	"Sábado"	-99.1921777	19.3319125	"Alimentos, Productos de Higiene Personal, Limpieza del hogar"	""	"CDMX"
"DIF Nacional"	"Gobierno"	"Gral. Emiliano Zapata 340, Sta Cruz Atoyac, 03310 Ciudad de México, CDMX"	""	""	-99.162057	19.3695354	"Alimentos y agua, Higiene personal, Limpieza del hogar, Primeros auxilios, Medicamentos, Alimentos para bebé"	"Oaxaca, Chiapas"	"CDMX"
"DIF - Almacenes Generales"	"Gobierno"	"Av. México Coyoacán 278, Sta Cruz Atoyac, 03310 Ciudad de México, CDMX"	""	""	-99.1632828	19.3661932	"Alimentos y agua, Higiene personal, Limpieza del hogar, Primeros auxilios, Medicamentos, Alimentos para bebé"	"Oaxaca, Chiapas"	"CDMX"
"DIF - Casa Hogar para Niñas Graciela Zubirán"	"Gobierno"	"Avenida de los Insurgentes Sur 3700B, Insurgentes Cuicuilco, 04530 Ciudad de México, CDMX"	""	""	-99.1862268	19.3075602	"Alimentos y agua, Higiene personal, Limpieza del hogar, Primeros auxilios, Medicamentos, Alimentos para bebé"	"Oaxaca, Chiapas"	"CDMX"
"DIF - Dirección General de Integración Social"	"Gobierno"	"Av. Insurgentes Sur 3700B, Insurgentes Cuicuilco, 04530 Ciudad de México, CDMX"	""	""	-99.1864679	19.3078736	"Alimentos y agua, Higiene personal, Limpieza del hogar, Primeros auxilios, Medicamentos, Alimentos para bebé"	"Oaxaca, Chiapas"	"CDMX"
"Seminario de Cultura Mexicana"	"Ciudadano"	"Av. Pdte. Masaryk 526, Polanco, Polanco II Secc, 11550 Ciudad de México, CDMX"	"9:00 - 19:00"	""	-99.2049472	19.4320662	"Alimentos y agua, Higiene personal, Limpieza del hogar, Otros"	"Oaxaca, Chiapas"	"CDMX"
"Representación de Oaxaca en la CDMX"	"Gobierno"	"Shakespeare 68, Anzures, 11590 Ciudad de México, CDMX
"	""	""	-99.1772563	19.4283907	"Alimentos y agua, Higiene personal, Limpieza del hogar, Otros"	"Oaxaca"	"CDMX"
"PALECH, Pacto de América Latina por la Educación con Calidad Humana"	"Ciudadano"	"Guanabana 201 Int. C, Nueva Santa María, 02800 Ciudad de México, CDMX"	""	""	-99.1682402	19.4655262	"Alimentos y agua, Higiene personal, Limpieza del hogar, Primeros auxilios, Medicamentos, Alimentos para bebé"	"Juchitán, Oaxaca"	"CDMX"
"Zoológico Los Coyotes"	"Ciudadano"	"Av. Heroica Escuela Naval Militar S/N, Coyoacán, Ex Ejido San Pablo Tepetlapa, 04900 Ciudad de México, CDMX"	""	"A partir del domingo"	-99.1246561	19.3187726	""	""	"CDMX"
"Delegación Benito Juárez"	"Gobierno"	"Avenida Cuauhtémoc 1240, Sta Cruz Atoyac, 03310 Ciudad de México, CDMX"	"10:00 - 18:00"	""	-99.1608446	19.3719192	"No perecederos, Toallas femeninas, Higiene Personal, Otros"	""	"CDMX"
"Enseña por México"	"Ciudadano"	"Calle Hamburgo 14, Int. PB, Col. Juárez, Del. Cuauhtémoc, Ciudad de México"	"09:00 - 18:00"	"Lunes a viernes"	-99.1596069	19.4284921	"Agua embotellada, alimentos enlatados, leche en polvo, botiquín de primeros auxilios, higiene personal."	""	"CDMX"
"Casa de Atención Ciudadana Laura Plascencia"	"Ciudadano"	"Nicolás Bravo 31, Tonalá Centro, 45400 Tonalá, Jal"	""	""	-103.245317	20.6252797	"Alimentos y agua, Higiene personal, Limpieza del hogar, Otros"	"Istmo de Tehuantepec"	"Jalisco"
"Arquidiocesis Antequera Oaxaca"	"Religioso"	"Calle Macedonio Alcalá 801, RUTA INDEPENDENCIA, Centro, 68000 Oaxaca, Oax.
"	"10:00 - 14:00, 17:00 - 19:00"	""	-96.7233352	17.0690643	"Alimentos y agua, Higiene personal, Limpieza del hogar"	""	"Oaxaca"
"DIF Estatal - Gimnasio Flores Magón"	"Gobierno"	"Centro, 68000 Oaxaca"	""	""	-96.7253164	17.0637447	"Alimentos y agua, Higiene personal, Limpieza del hogar"	""	"Oaxaca"
"Cruz Roja Tuxtla"	"Cruz Roja"	"Av. 5A. Norte Poniente 1480, Covandonga, Tuxtla Gutiérrez, Chis., Mexico"	"9:00 - 19:00"	""	-93.1327293	16.7611035	"Alimentos y agua, Higiene personal, Limpieza del hogar, Otros"	"Chiapas"	"Chiapas"
"Tecnológico de Monterrey Chiapas"	"Académico"	"DAE y Plaza Prepa- Carretera Tapanatepec- Tuxtla Gutierrez Km 149+746, Juan Crispin, 29020 Tuxtla Gutiérrez, Chis."	""	""	-93.2008364	16.7650919	"Alimentos no perecederos, Higiene personal, Limpieza general."	""	"Chiapas"
"La Purísima Cocina Oaxaqueña"	"Ciudadano"	"Calle 25 Sur B 905, La Paz, 72160 Puebla, Pue."	""	""	-98.2197061	19.050877	"Alimentos y agua, Higiene personal, Limpieza del hogar, Cobijas"	"Istmo"	"Puebla"
"Zócalo de la Ciudad de Puebla"	"Gobierno"	"Juan de Palafox y Mendoza, Centro, 72000 Puebla, Pue."	"10:00 - 16:00"	""	-98.195645	19.0429188	""	""	"Puebla"
"UPAEP"	"Académico"	"Calle 21 Sur 1103, Barrio de Santiago, 72410 Puebla, Pue."	"L a S 9:00 - 20:00, D 10:00 - 14:00"	"Lunes a domingo"	-98.2160623	19.0480531	"Alimentos y agua, Higiene personal, Limpieza del hogar, Cobijas"	"Oaxaca"	"Puebla"
"DIF Metepec"	"Gobierno"	"Av Manuel J. Clouthier No.70, Izcalli Cuauhtemoc V, 52176 Metepec, Méx."	"8:00 - 16:00"	"Lunes a viernes"	-99.5963832	19.2695055	"No perecederos, Higiene Personal, Agua embotellada"	"Oaxaca, Chiapas"	"EdoMex"
"Explanada Norte, Estadio BBVA Bancomer"	"Ciudadano"	"Pablo Livas 2011, La Pastora, 67140 Guadalupe, N.L."	""	"A partir de las 17:00 del sábado 9 de septiembre"	-100.2445578	25.6679986	"Alimentos y agua, Higiene personal, Limpieza del hogar, Primeros auxilios, Medicamentos, Alimentos para bebé, Abrelatas, Bolsas de basura, Linternas y baterías"	"Oaxaca, Chiapas"	"NL"
"Oficinas DIF Nuevo León "	"Gobierno"	"Av. Morones Prieto 600 Ote., Col. Independencia, Monterrey, N.L."	"08:00 - 17:00"	""	-100.3250222	25.6641252	"Alimentos (agua no), Higiene personal, Limpieza del hogar, Cobijas, Colchonetas."	"Oaxaca, Chiapas"	"NL"
"Universidad de Guadalajara en Coordinación de Extensión o en Servicios Médicos Integrales "	"Académico"	"Periférico Norte N° 799, Núcleo Universitario Los Belenes, 45100 Zapopan, Jal."	"08:00 - 17:00"	""	-103.3808525	20.7407607	"Alimentos y agua, Higiene personal, Limpieza del hogar, Cobijas, Ropa"	"Oaxaca, Chiapas"	"Jalisco"
"Presidencia Municipal Zapopan"	"Gobierno"	"Avenida Hidalgo 151, Zapopan, 45100 Zapopan, Jal."	"9:00 - 16:00"	""	-103.3898239	20.7216089	"Alimentos y agua, Higiene personal, Limpieza del hogar, Cobijas"	"Oaxaca, Chiapas"	"Jalisco"
"DIF Zapopan"	"Gobierno"	"Av. Laureles 1151, Unidad Fovissste, 45149 Zapopan, Jal."	"9:00 - 15:00"	""	-103.403356	20.7379616	"Alimentos y agua, Higiene personal, Limpieza del hogar, Cobijas"	"Oaxaca, Chiapas"	"Jalisco"
"DIF Playa del Carmen - Palapa de Usos Múltiples"	"Gobierno"	"Calle 8 Nte, Gonzalo Guerrero, 77720 Playa del Carmen, Q.R."	"9:00 - 17:00"	"Lunes a domingo"	-87.076454	20.6281345	"Alimentos y agua, Higiene personal, Limpieza del hogar, Cobijas, Ropa y zapatos"	"Oaxaca, Chiapas"	"Quintana Roo"
"Cruz Roja Mexicana - Sede Nacional"	"Cruz Roja"	"uan Luis Vives 200, Polanco I Sección, Polanco I Secc, 11510 Miguel Hidalgo, CDMX"	"8:00 - 20:00"	"Lunes a domingo"	-99.2093693	19.4377163	"Atún, sardinas, frijoles, arroz, lenteja, sopa de pasta, chiles en lata, consomé de pollo en polvo, verduras en lata, sal, mayonesa, aceite, café soluble, azúcar, mermelada, chocolate en polvo, galletas, abrelatas"	""	"CDMX"
"Cruz Roja Mexicana - Delegación Estado de México"	"Cruz Roja"	"Paseo Santa Elena 72, Fraccionamiento Santa Elena, 52100 San Mateo Atenco, Méx"	"8:00 - 20:00"	"Lunes a domingo"	-99.5404776	19.2832777	"Atún, sardinas, frijoles, arroz, lenteja, sopa de pasta, chiles en lata, consomé de pollo en polvo, verduras en lata, sal, mayonesa, aceite, café soluble, azúcar, mermelada, chocolate en polvo, galletas, abrelatas"	""	"EdoMex"
"Cruz Roja Mexicana - Delegación Oaxaca"	"Cruz Roja"	"Armenta y López No. 700 Colonia Centro. CP: 68000 Oaxaca, Oaxaca."	"8:00 - 20:00"	"Lunes a domingo"	-96.7247816	17.0559717	"Atún, sardinas, frijoles, arroz, lenteja, sopa de pasta, chiles en lata, consomé de pollo en polvo, verduras en lata, sal, mayonesa, aceite, café soluble, azúcar, mermelada, chocolate en polvo, galletas, abrelatas"	""	"Oaxaca"
"Cruz Roja Mexicana - Delegación Chiapas"	"Cruz Roja"	"Libramiento Nte. Ote. 451, Albania Baja, 29010 Tuxtla Gutiérrez, Chis."	"8:00 - 20:00"	"Lunes a domingo"	-93.110086	16.770447	"Atún, sardinas, frijoles, arroz, lenteja, sopa de pasta, chiles en lata, consomé de pollo en polvo, verduras en lata, sal, mayonesa, aceite, café soluble, azúcar, mermelada, chocolate en polvo, galletas, abrelatas"	""	"Chiapas"
"Cruz Roja Mexicana - Delegación Tabasco"	"Cruz Roja"	"Av. Paseo Tabasco No. 613, Colonia Jesús García, 86040, Villahermosa, Tabasco."	"8:00 - 20:00"	"Lunes a domingo"	-92.9365095	17.9943341	"Atún, sardinas, frijoles, arroz, lenteja, sopa de pasta, chiles en lata, consomé de pollo en polvo, verduras en lata, sal, mayonesa, aceite, café soluble, azúcar, mermelada, chocolate en polvo, galletas, abrelatas"	""	"Tabasco"
"Campo Marte"	"Gobierno"	"Avenida Paseo de La Reforma, Miguel Hidalgo, San Miguel Chapultepec, 11850 Ciudad de México, CDMX"	""	"Lunes a domingo"	-99.1882254	19.4251167	"Atún, sardinas, frijoles, arroz, lenteja, sopa de pasta, chiles en lata, consomé de pollo en polvo, verduras en lata, sal, mayonesa, aceite, café soluble, azúcar, mermelada, chocolate en polvo, galletas, abrelatas"	""	"CDMX"
"Walmart"	NA	"Miguel Othon de Mendizabal Oriente No. 343 Nueva Industrial Vallejo 07700 México Ciudad De México Mexico"	"07:00 - 23:00"	"Lunes a Domingo"	-99.1481851	19.5059313	NA	NA	"CDMX"
"Walmart"	NA	"Av. Universidad No. 936-A Santa Cruz Atoyac 03310 Benito Juárez México Ciudad De México Mexico"	"07:00 - 23:00"	"Lunes a Domingo"	-99.1633618	19.3685216	NA	NA	"CDMX"
"Walmart"	NA	"Av. Canal De Miramontes No. 3520 San Bartolo Coapa 14390 Tlalpan México Ciudad De México Mexico"	"07:00 - 23:00"	"Lunes a Domingo"	-99.127671	19.285866	NA	NA	"CDMX"
"Walmart"	NA	"Blvd. Adolfo López Mateos No. 117 Ojuelos 51350 Toluca Estado De México Mexico"	"07:00 - 23:00"	"Lunes a Domingo"	-99.6885664	19.2883491	NA	NA	"EDOMEX"
"Walmart"	NA	"Circuito 19 Metalurgistas 2 Cd. Satélite 53100 Naucalpan de Juárez Estado De México Mexico"	"07:00 - 23:00"	"Lunes a Domingo"	-99.2321744	19.5147995	NA	NA	"EDOMEX"
"Walmart"	NA	"Av. Símbolos Patrios No. 1319 Agencia Municipal Candiani Sobre la Carretera 68130 Oaxaca Oaxaca Mexico"	"07:00 - 23:00"	"Lunes a Domingo"	-96.7142876	17.0316566	NA	NA	"Oaxaca"
"Walmart"	NA	"Carretera Tapachula Puerto Madero Km 2.5 Las Hortencias 30797 Tapachula Chiapas Mexico"	"07:00 - 23:00"	"Lunes a Domingo"	-92.2831282	14.87462	NA	NA	"Chiapas"
"Walmart"	NA	"Miguel A. De Quevedo No. 175 Chimalistac 01070 Coyoacán México Ciudad De México Mexico"	"07:00 - 23:00"	"Lunes a Domingo"	-99.1824964	19.345134	NA	NA	"CDMX"
"Walmart"	NA	"Calzada de Guadalupe No. 431 Guadalupe Tepeyac 07840 Gustavo A. Madero México Ciudad De México Mexico"	"07:00 - 23:00"	"Lunes a Domingo"	-99.1235522	19.4682375	NA	NA	"CDMX"
"Walmart"	NA	"Calzada Tláhuac No. 5662 San Lorenzo Tezonco 13266 México Ciudad De México Mexico"	"07:00 - 23:00"	"Lunes a Domingo"	-99.0601316	19.3046479	NA	NA	"CDMX"
"Walmart"	NA	"Calzada de Tlalpan No. 1037 Américas Unidas 03500 Benito Juárez México Ciudad De México Mexico"	"07:00 - 23:00"	"Lunes a Domingo"	-99.1400023	19.3815355	NA	NA	"CDMX"
"Walmart"	NA	"Av. Hidalgo S/N Industrial Tlaxcolpan 54030 Tlalnepantla de Baz Estado De México Mexico"	"07:00 - 23:00"	"Lunes a Domingo"	-99.1939672	19.5506943	NA	NA	"EDOMEX"
"Walmart"	NA	"Paseo Tollocan No. 600 Sector Progreso 50150 Toluca Estado De México Mexico"	"07:00 - 23:00"	"Lunes a Domingo"	-99.6393692	19.2809725	NA	NA	"EDOMEX"
"Walmart"	NA	"Carretera Federal México-Texcoco km 30.5 Santiago Cuautlalpan 56259 Texcoco Estado De México Mexico"	"07:00 - 23:00"	"Lunes a Domingo"	-98.911944	19.427364	NA	NA	"EDOMEX"
"Walmart"	NA	"Carretera Transísmica No. 10 km 6.5 Granadillo 70613 Salina Cruz Oaxaca Mexico"	"07:00 - 23:00"	"Lunes a Domingo"	-95.2144409	16.240909	NA	NA	"Oaxaca"
"Walmart"	NA	"Carretera Federal México-Pachuca km 36.5 Hueyotenco 55741 Tecámac Estado De México Mexico"	"07:00 - 23:00"	"Lunes a Domingo"	-98.9814373	19.698243	NA	NA	"EDOMEX"
"Walmart"	NA	"Av. Chalma No. 281 Jardínes de la Hacienda 54720 Cuautitlán Izcalli Estado De México Mexico"	"07:00 - 23:00"	"Lunes a Domingo"	-99.203312	19.6703734	NA	NA	"EDOMEX"
"Walmart"	NA	"Vía José López Portillo No. 2 San Francisco Coacalco 55712 Coacalco Estado De México Mexico"	"07:00 - 23:00"	"Lunes a Domingo"	-99.1071461	19.6364182	NA	NA	"EDOMEX"
"Walmart"	NA	"Vialidad Toluca - Naucalpan No. 1101 San Mateo Otzacatipan 50200 Toluca Estado De México Mexico"	"07:00 - 23:00"	"Lunes a Domingo"	-99.6247966	19.3215145	NA	NA	"EDOMEX"
"Walmart"	NA	"Blvd. Manuel Avila Camacho No. 2550 Fraccionamiento Los Pirules 54050 Tlalnepantla de Baz Estado De México Mexico"	"07:00 - 23:00"	"Lunes a Domingo"	-99.2217534	19.5300458	NA	NA	"EDOMEX"
"Walmart"	NA	"Blvd. Adolfo López Mateos No. 1701 Lomas de Plateros 01460 Alvaro Obregón México Ciudad De México Mexico"	"07:00 - 23:00"	"Lunes a Domingo"	-99.1923896	19.3733997	NA	NA	"CDMX"
"Walmart"	NA	"Av. Canal de Tezontle No. 1520 Dr. Alfonso OrtizTirado 09020 Iztapalapa México Ciudad De México Mexico"	"07:00 - 23:00"	"Lunes a Domingo"	-99.0831257	19.3838425	NA	NA	"CDMX"
"Walmart"	NA	"Autopista México - Quéretaro No. 3985 Centro Industrial Tlalnepantla 54030 Tlalnepantla de Baz Estado De México Mexico"	"07:00 - 23:00"	"Lunes a Domingo"	-99.21194	19.544288	NA	NA	"EDOMEX"
"Walmart"	NA	"Av. Prolongación Paseo de la Reforma No. 400 Santa Fe Entre Av. Vasco de Quiróga y Av. Paseo de la Reforma 01210 México Ciudad De México Mexico"	"07:00 - 23:00"	"Lunes a Domingo"	-99.2543711	19.3772492	NA	NA	"CDMX"
"Walmart"	NA	"Autopista México- Querétaro km 36.5 LT 1 Parque Industrial Cuamatla 54730 Cuautitlán Izcalli Estado De México Mexico"	"07:00 - 23:00"	"Lunes a Domingo"	-99.2005471	19.6690569	NA	NA	"EDOMEX"
"Walmart"	NA	"Av. Centro Comercial 190 04530 Insurgentes Cuicuilco Ciudad De México Mexico"	"07:00 - 23:00"	"Lunes a Domingo"	-99.1899045	19.3056403	NA	NA	"CDMX"
"Walmart"	NA	"Leona Vicario No. 502 La Purisima 52840 Toluca Estado De México Mexico"	"07:00 - 23:00"	"Lunes a Domingo"	-99.6153769	19.261535	NA	NA	"EDOMEX"
"Walmart"	NA	"Av. Escuela Naval Militar No. 753 0 Esq. Av. Canal De Miramontes 04890 Coyoacán México Ciudad De México Mexico"	"07:00 - 23:00"	"Lunes a Domingo"	-99.1245712	19.3152097	NA	NA	"CDMX"
"Walmart"	NA	"Las Águilas No. 820 Las Águilas 01710 Álvaro Obregón México Ciudad De México Mexico"	"07:00 - 23:00"	"Lunes a Domingo"	-99.1960581	19.3909403	NA	NA	"CDMX"
"Walmart"	NA	"Paseo de las Palomas No. 25 Fraccionamiento Las Alamedas 52970 Atizapán de Zaragoza Atizapán Estado De México Mexico"	"07:00 - 23:00"	"Lunes a Domingo"	-99.248438	19.5533692	NA	NA	"EDOMEX"
"Walmart"	NA	"Av. Central Manzana 4 Lote 1 Las Américas Esq. Av. 1 de Mayo 55459 Ecatepec de Morelos Estado De México Mexico"	"07:00 - 23:00"	"Lunes a Domingo"	-99.0162017	19.5854918	NA	NA	"EDOMEX"
"Walmart"	NA	"Rio Lerma No. 5 La Merced Entre Las Calles De Morelos Y El Calvario 52006 Lerma Estado De México Mexico"	"07:00 - 23:00"	"Lunes a Domingo"	-99.5069114	19.2826137	NA	NA	"EDOMEX"
"Walmart"	NA	"Blvd. Manuel Ávila Camacho No. 491 Periodistas 11220 Miguel Hidalgo México Ciudad De México Mexico"	"07:00 - 23:00"	"Lunes a Domingo"	-99.2176534	19.4501943	NA	NA	"CDMX"
"Walmart"	NA	"Super Carretera Lomas Verdes No. 1200 VI Sección Lomas Verdes 53120 Naucalpan de Juárez Estado De México Mexico"	"07:00 - 23:00"	"Lunes a Domingo"	-99.2678327	19.5160237	NA	NA	"EDOMEX"
"Walmart"	NA	"Blvd. Magnocentro 35/ Lote 1/ Manzana II Bosques De Las Palmas 52787 Huixquilucan Estado De México Mexico"	"07:00 - 23:00"	"Lunes a Domingo"	-99.2722913	19.40646	NA	NA	"EDOMEX"
"Walmart"	NA	"Carretera Jorobas - Tula 02 38 Manzana 125 NTE 1 Santa Teresa 3 y 3 BIS Camino a Santa Teresa 54695 Huehuetoca Estado De México Mexico"	"07:00 - 23:00"	"Lunes a Domingo"	-99.2378347	19.8416313	NA	NA	"EDOMEX"
"Walmart"	NA	"Av. San Francisco 1621 Del Valle 03100 México Ciudad De México Mexico"	"07:00 - 23:00"	"Lunes a Domingo"	-99.2373266	19.3119319	NA	NA	"CDMX"
"Walmart"	NA	"José Ma. Castorena No. 84 San José de los Cedros 05210 Cuajimalpa México Ciudad De México Mexico"	"07:00 - 23:00"	"Lunes a Domingo"	-99.2878776	19.3628309	NA	NA	"CDMX"
"Walmart"	NA	"Cañaverales No. 222 Granjas Coapa 14330 Coyoacan México Ciudad De México Mexico"	"07:00 - 23:00"	"Lunes a Domingo"	-99.1098214	19.2941718	NA	NA	"CDMX"
"Walmart"	NA	"Av. Cuitlahuac No. 3651 Hogar y Seguridad 02820 Azcapotzalco México Ciudad De México Mexico"	"07:00 - 23:00"	"Lunes a Domingo"	-99.1619468	19.4727376	NA	NA	"CDMX"
"Walmart"	NA	"Av. Revolución No. 1560 San Cristóbal Centro Entre las Calles Agricultura y Benito Juárez 55000 Ecatepec de Morelos Estado De México Mexico"	"07:00 - 23:00"	"Lunes a Domingo"	-99.0482334	19.6053725	NA	NA	"EDOMEX"
"Walmart"	NA	"Emiliano Zapata No. 7 Santa María Nativitas 05320 Estado de Mexico Estado De México Mexico"	"07:00 - 23:00"	"Lunes a Domingo"	-99.6352424	19.2083433	NA	NA	"EDOMEX"
"Walmart"	NA	"Calz. San Juan de Aragón No. 516 D.M. Nacional 07090 Gustavo A. Madero México Ciudad De México Mexico"	"07:00 - 23:00"	"Lunes a Domingo"	-99.0940134	19.4781689	NA	NA	"CDMX"
"Walmart"	NA	"Vía José López Portillo No. 101 Zacuautitla 55710 Coacalco Estado De México Mexico"	"07:00 - 23:00"	"Lunes a Domingo"	-99.0972886	19.6345264	NA	NA	"EDOMEX"
"Walmart"	NA	"Av. Copilco No. 164 Oxtopulco 04318 México Ciudad De México Mexico"	"07:00 - 23:00"	"Lunes a Domingo"	-99.1834299	19.3382474	NA	NA	"CDMX"
"Walmart"	NA	"Av. Nextengo No. 78 Santa Cruz Acayucan 02770 México Ciudad De México Mexico"	"07:00 - 23:00"	"Lunes a Domingo"	-99.191116	19.4715642	NA	NA	"CDMX"
"Walmart"	NA	"Fray Servando Teresa de Mier No. 881 Jardín Balbuena 15900 México Ciudad De México Mexico"	"07:00 - 23:00"	"Lunes a Domingo"	-99.101591	19.417529	NA	NA	"CDMX"
"Walmart"	NA	"Blvd. Belisario Domínguez No. 2058 Fraccionamiento Las Arboledas Entre 19-A Poniente y 20 Poniente 29030 Tuxtla Gutiérrez Chiapas Mexico"	"07:00 - 23:00"	"Lunes a Domingo"	-93.134047	16.754856	NA	NA	"Chiapas"
"Walmart"	NA	"Insurgentes Norte No. 131 Guerrero 06300 México Ciudad De México Mexico"	"07:00 - 23:00"	"Lunes a Domingo"	-99.1530961	19.4459066	NA	NA	"CDMX"
"Walmart"	NA	"Av. Bordo de Xochiaca No. 3 Lote A-2 Benito Juárez 50000 Nezahualcoyotl Estado De México Mexico"	"07:00 - 23:00"	"Lunes a Domingo"	-99.0246724	19.4227717	NA	NA	"EDOMEX"
"Walmart"	NA	"Av. Luis Espinoza No. 160 Santiago Atepetlac 09987 Gustavo A. Madero México Ciudad De México Mexico"	"07:00 - 23:00"	"Lunes a Domingo"	-99.1549154	19.5314759	NA	NA	"CDMX"
"Walmart"	NA	"Calzada Ignacio Zaragoza No. 58 Federal 15700 México Ciudad De México Mexico"	"07:00 - 23:00"	"Lunes a Domingo"	-99.054487	19.3954174	NA	NA	"CDMX"
"Walmart"	NA	"Blvd. Alfredo del Mazo No. 503 Jardines de Tlacoapa 50071 Toluca Estado De México Mexico"	"07:00 - 23:00"	"Lunes a Domingo"	-99.6340604	19.308215	NA	NA	"EDOMEX"
"Walmart"	NA	"Blvd. Paseo Interlomas No. 5 Green House Entre Paseo Interlomas y Jesús del Monte 52779 México Estado De México Mexico"	"07:00 - 23:00"	"Lunes a Domingo"	-99.35653	19.398121	NA	NA	"EDOMEX"
"Superama"	NA	"FUENTES DE SATELITE 1 BELLAVISTA 54080"	"07:00 - 23:00"	"Lunes a Domingo"	-99.2544981	19.5236339	NA	NA	"edomex"
"Superama"	NA	"BLVD. MANUEL AVILA CAMACHO NO. 3130  TLALNEPANTLA VALLE DORADO 54020"	"07:00 - 23:00"	"Lunes a Domingo"	-99.2090562	19.5491703	NA	NA	"edomex"
"Superama"	NA	"VIA GUSTAVO BAZ NO. 244 COLON ECHEGARAY 53300"	"07:00 - 23:00"	"Lunes a Domingo"	-99.231572	19.4804219	NA	NA	"edomex"
"Superama"	NA	"AV. LOMAS VERDES 545 LOMAS VERDES 53120"	"07:00 - 23:00"	"Lunes a Domingo"	-99.2569896	19.5059616	NA	NA	"edomex"
"Superama"	NA	"CAMINO A SAN MATEO 20 JARDINES DE SAN MATEO 53240"	"07:00 - 23:00"	"Lunes a Domingo"	-99.2475318	19.4892608	NA	NA	"edomex"
"Superama"	NA	"AV. DE LAS FUENTES 174 LOMAS DE TECAMACHALCO SECCION FUENTES 53950"	"07:00 - 23:00"	"Lunes a Domingo"	-99.237527	19.422339	NA	NA	"edomex"
"Superama"	NA	"AV. IGNACIO COMONFORT NO. 654 NORTE LA PROVIDENCIA 52172"	"07:00 - 23:00"	"Lunes a Domingo"	-99.6070945	19.2738378	NA	NA	"edomex"
"Superama"	NA	"TECNOLOGICO 960 NORTE SAN SALVADOR TIZATLALE 52172"	"07:00 - 23:00"	"Lunes a Domingo"	-99.5739765	19.274167	NA	NA	"edomex"
"Superama"	NA	"BOSQUE DE MINAS NO 33 BOSQUES DE LA HERRADURA 52783"	"07:00 - 23:00"	"Lunes a Domingo"	-99.2615428	19.4220919	NA	NA	"edomex"
"Superama"	NA	"AV JESUS DEL MONTE NO 37 JESUS DEL MONTE 52764"	"07:00 - 23:00"	"Lunes a Domingo"	-99.2941851	19.3824718	NA	NA	"edomex"
"Superama"	NA	"AV. DE LOS BOSQUES 234 HUIXQUILUCAN DE DEGOLLADO CENTRO 52760"	"07:00 - 23:00"	"Lunes a Domingo"	-99.2509811	19.4112606	NA	NA	"edomex"
"Superama"	NA	"Autopista MÌÄå©xico Qro. Km. 37.10  ARCOS DEL ALBA 54750"	"07:00 - 23:00"	"Lunes a Domingo"	-99.1987109	19.6502794	NA	NA	"edomex"
"Superama"	NA	"AV. TOLUCA NO. 511 OLIVAR DE LOS PADRES 01780"	"07:00 - 23:00"	"Lunes a Domingo"	-99.220992	19.3382054	NA	NA	"DF"
"Superama"	NA	"CALZADA DE LAS AGUILAS NO 1819 MIGUEL HIDALGO 01620"	"07:00 - 23:00"	"Lunes a Domingo"	-99.2293853	19.348636	NA	NA	"DF"
"Superama"	NA	"AV. CENTENARIO  MERCED GOMEZ 01600"	"07:00 - 23:00"	"Lunes a Domingo"	-99.21224	19.3664479	NA	NA	"DF"
"Superama"	NA	"CALZADA DE LOS LEONES NO. 242 LOS ALPES 01010"	"07:00 - 23:00"	"Lunes a Domingo"	-99.1975933	19.3597888	NA	NA	"DF"
"Superama"	NA	"AV. DE LAS FUENTES 490 JARDINES DEL PEDREGAL 01900"	"07:00 - 23:00"	"Lunes a Domingo"	-99.2063137	19.3251664	NA	NA	"DF"
"Superama"	NA	"AV. SAN JERONIMO 263 TIZAPAN 01090"	"07:00 - 23:00"	"Lunes a Domingo"	-99.2078465	19.3322431	NA	NA	"DF"
"Superama"	NA	"CALZADA ACOXPA 436 EX HACIENDA COAPA 14340"	"07:00 - 23:00"	"Lunes a Domingo"	-99.1306986	19.2947745	NA	NA	"DF"
"Superama"	NA	"CALLE UNION NO 3 LOMAS DEL PEDREGAL 14220"	"07:00 - 23:00"	"Lunes a Domingo"	-99.2211682	19.3020166	NA	NA	"DF"
"Superama"	NA	"INSURGENTES SUR NO. 4120 TLALPAN CENTRO 14000"	"07:00 - 23:00"	"Lunes a Domingo"	-99.1768778	19.2925152	NA	NA	"DF"
"Superama"	NA	"BLVD. PICACHO AJUSCO NO. 8 JARDINES EN LA MONTAÌâå´A 14210"	"07:00 - 23:00"	"Lunes a Domingo"	-99.212585	19.2796273	NA	NA	"DF"
"Superama"	NA	"CALZ. DE TLALPAN 4467 TORIELLO GUERRA 14050"	"07:00 - 23:00"	"Lunes a Domingo"	-99.1571419	19.2940277	NA	NA	"DF"
"Superama"	NA	"SIERRA VENTANA NO 750 LOMAS DE CHAPULTEPEC 11000"	"07:00 - 23:00"	"Lunes a Domingo"	-99.2242742	19.4182705	NA	NA	"DF"
"Superama"	NA	"BOSQUES DE DURAZNOS NO 187 LOMAS DE CHAPULTEPEC 01170"	"07:00 - 23:00"	"Lunes a Domingo"	-99.2412178	19.4050428	NA	NA	"DF"
"Superama"	NA	"AV. MIGUEL DE CERVANTES SAAVEDRA 380 GRANADA 11520"	"07:00 - 23:00"	"Lunes a Domingo"	-99.2030052	19.4401781	NA	NA	"DF"
"Superama"	NA	"AV. HOMERO 310 GRANADA 11520"	"07:00 - 23:00"	"Lunes a Domingo"	-99.1977705	19.4359736	NA	NA	"DF"
"Superama"	NA	"AV HORACIO No 603 CHAPULTEPEC MORALES 11570"	"07:00 - 23:00"	"Lunes a Domingo"	-99.1970817	19.4344112	NA	NA	"DF"
"Superama"	NA	"HORACIO 1740 LOS MORALES 11510"	"07:00 - 23:00"	"Lunes a Domingo"	-99.2095658	19.4350489	NA	NA	"DF"
"Superama"	NA	"LAGO ALBERTO No 320                                  GRANADA 11520"	"07:00 - 23:00"	"Lunes a Domingo"	-99.1842055	19.4397527	NA	NA	"DF"
"Superama"	NA	"AGUILAR Y SEIJAS NO 123 MOLINO DEL REY 11040"	"07:00 - 23:00"	"Lunes a Domingo"	-99.2054848	19.4223109	NA	NA	"DF"
"Superama"	NA	"AV CONTRERAS NO 386 SAN JERONIMO LIDICE 10200"	"07:00 - 23:00"	"Lunes a Domingo"	-99.2168941	19.325896	NA	NA	"DF"
"Superama"	NA	"AV. TLAHUAC #4421 LOMAS ESTRELLA 1A SECCION 09880"	"07:00 - 23:00"	"Lunes a Domingo"	-99.0601316	19.3046479	NA	NA	"DF"
"Superama"	NA	"AV. RIO CHURUBUSCO NO. 583 SECTOR POPULAR 09060"	"07:00 - 23:00"	"Lunes a Domingo"	-99.1254739	19.3685864	NA	NA	"DF"
"Superama"	NA	"AV. MONTEVIDEO 360 LINDAVISTA 07300"	"07:00 - 23:00"	"Lunes a Domingo"	-99.1318636	19.4900981	NA	NA	"DF"
"Superama"	NA	"AV. MICHOACAN 38 HIPODROMO DE LA CONDESA 06170"	"07:00 - 23:00"	"Lunes a Domingo"	-99.1739405	19.4114169	NA	NA	"DF"
"Superama"	NA	"PACHUCA 99 CONDESA 06140"	"07:00 - 23:00"	"Lunes a Domingo"	-99.1780088	19.4146589	NA	NA	"DF"
"Superama"	NA	"RIO BALSAS 23 CUAUHTEMOC 06500"	"07:00 - 23:00"	"Lunes a Domingo"	-99.1697144	19.4325452	NA	NA	"DF"
"Superama"	NA	"PASEO DE LILAS NO 92 BOSQUES DE LAS LOMAS 05120"	"07:00 - 23:00"	"Lunes a Domingo"	-99.2483025	19.3892196	NA	NA	"DF"
"Superama"	NA	"AV TAMAULIPAS NO 3000 LA ROSITA 05340"	"07:00 - 23:00"	"Lunes a Domingo"	-99.2805165	19.3609969	NA	NA	"DF"
"Superama"	NA	"NOCHE DE PAZ NO 38 GRANJAS NAVIDAD 05219"	"07:00 - 23:00"	"Lunes a Domingo"	-99.2786564	19.3732453	NA	NA	"DF"
"Superama"	NA	"CERRO DE LAS TORRES 229 CAMPESTRE CHURUBUSCO 04200"	"07:00 - 23:00"	"Lunes a Domingo"	-99.1328077	19.3471119	NA	NA	"DF"
"Superama"	NA	"AV. COPILCO 75 COPILCO EL BAJO 04340"	"07:00 - 23:00"	"Lunes a Domingo"	-99.187438	19.3381345	NA	NA	"DF"
"Superama"	NA	"MIGUEL ANGEL DE QUEVEDO 870 COYOACAN CENTRO 04000"	"07:00 - 23:00"	"Lunes a Domingo"	-99.1788844	19.3461598	NA	NA	"DF"
"Superama"	NA	"AV. DIVISION DEL NORTE 3651 PEDREGAL SANTA URSULA 04600"	"07:00 - 23:00"	"Lunes a Domingo"	-99.139063	19.320666	NA	NA	"DF"
"Superama"	NA	"RANCHO SAN LORENZO 6 LOS GIRASOLES 04920"	"07:00 - 23:00"	"Lunes a Domingo"	-99.124979	19.310724	NA	NA	"DF"
"Superama"	NA	"CALZADA TAXQUEÌÄ‰Û÷A #1752 COLONIA PASEOS DE TAXQUEÌÄ‰Û÷A TAXQUEÌÄ‰Û÷A 04280"	"07:00 - 23:00"	"Lunes a Domingo"	-99.1281705	19.3390918	NA	NA	"DF"
"Superama"	NA	"PERIFERICO SUR 5270 EX EJIDO SANTA URSULA COAPA 04650"	"07:00 - 23:00"	"Lunes a Domingo"	-99.1609885	19.3060533	NA	NA	"DF"
"Superama"	NA	"DAKOTA 78 NAPOLES 03810"	"07:00 - 23:00"	"Lunes a Domingo"	-99.1766648	19.3921511	NA	NA	"DF"
"Superama"	NA	"HERIBERTO FRIAS 1107 DEL VALLE 03100"	"07:00 - 23:00"	"Lunes a Domingo"	-99.1612807	19.3858029	NA	NA	"DF"
"Superama"	NA	"Boulevard Xola No. 407  Entre calles Av. Coyoa DEL VALLE NORTE 03103"	"07:00 - 23:00"	"Lunes a Domingo"	-99.1668543	19.397067	NA	NA	"DF"
"Superama"	NA	"DIRECCION DEL VALLE 03100"	"07:00 - 23:00"	"Lunes a Domingo"	-66.9046113	10.4687323	NA	NA	"DF"
"Superama"	NA	"EJE FELIX CUEVAS NO. 374 TLACOQUEMECATL DEL VALLE 03200"	"07:00 - 23:00"	"Lunes a Domingo"	-99.172949	19.3727088	NA	NA	"DF"
"Superama"	NA	"GEORGIA 53 NAPOLES 03810"	"07:00 - 23:00"	"Lunes a Domingo"	-99.1774378	19.3889205	NA	NA	"DF"
"Superama"	NA	"MAXIMINO AVILA CAMACHO 32 CIUDAD DE LOS DEPORTES 03710"	"07:00 - 23:00"	"Lunes a Domingo"	-99.1786623	19.3844404	NA	NA	"DF"
"Superama"	NA	"MAYORAZGO 130 XOCO 03330"	"07:00 - 23:00"	"Lunes a Domingo"	-99.1665222	19.3604785	NA	NA	"DF"
"Superama"	NA	"ROMERO DE TERREROS 1461 NARVARTE 03020"	"07:00 - 23:00"	"Lunes a Domingo"	-99.1626242	19.3941064	NA	NA	"DF"
"Superama"	NA	"AV. POPOCATEPETL NO. 546 XOCO 03330"	"07:00 - 23:00"	"Lunes a Domingo"	-99.1543385	19.3617876	NA	NA	"DF"
"Superama"	NA	"AV REVOLUCION NO 1151 MIXCOAC 03910"	"07:00 - 23:00"	"Lunes a Domingo"	-99.1881601	19.3721257	NA	NA	"DF"
"Superama"	NA	"AJUSCO 126 PORTALES 03300"	"07:00 - 23:00"	"Lunes a Domingo"	-99.148639	19.362125	NA	NA	"DF"
