{
"type": "FeatureCollection",
                                                                                                                                  
"features": [
{ "type": "Feature", "id": 1, "properties": { "nombre": "Instituto Nacional de Perinatología", "tipo_centro": "Académico", "dir": "Calle Montes Urales 800, Miguel Hidalgo, Lomas Virreyes, 11000 Ciudad de México, CDMX", "horario": "", "dias": "", "lon": -99.205814, "lat": 19.423168, "tipo": "Alimentos y agua, Higiene personal, Limpieza del hogar, Primeros auxilios, Alimento para mascotas", "entidades_que_apoya": "Juchitán", "entidad": "CDMX" }, "geometry": { "type": "Point", "coordinates": [ -99.2058139, 19.4231682 ] } },
{ "type": "Feature", "id": 2, "properties": { "nombre": "Locatel", "tipo_centro": "Gobierno", "dir": "Heroes del 47 No. 113, San Mateo Churubusco, 04120 Coyoacán, CDMX", "horario": "9:00 - 18:00", "dias": "Lunes a domingo", "lon": -99.149968, "lat": 19.351496, "tipo": "Alimentos y agua, Higiene personal, Limpieza del hogar", "entidades_que_apoya": "Oaxaca, Chiapas", "entidad": "CDMX" }, "geometry": { "type": "Point", "coordinates": [ -99.1499681, 19.3514956 ] } },
{ "type": "Feature", "id": 3, "properties": { "nombre": "Restaurante Comixcal", "tipo_centro": "Ciudadano", "dir": "Dr. Atl 176, Sta María la Ribera, 06400 Ciudad de México, CDMX", "horario": "14:30 - 22:00", "dias": "", "lon": -99.156369, "lat": 19.448434, "tipo": "Alimentos y agua, Higiene personal, Limpieza del hogar, Ropa", "entidades_que_apoya": "Juchitán", "entidad": "CDMX" }, "geometry": { "type": "Point", "coordinates": [ -99.156368500000013, 19.4484336 ] } },
{ "type": "Feature", "id": 4, "properties": { "nombre": "PRI Nacional", "tipo_centro": "Ciudadano", "dir": "Avenida Insurgentes Norte 59, Buenavista, 06359 Cuauhtémoc, CDMX, Mexico", "horario": "", "dias": "", "lon": -99.154322, "lat": 19.441615, "tipo": "Alimentos, Higiene Personal, Limpieza del Hogar", "entidades_que_apoya": "12 entidades federativas afectadas", "entidad": "CDMX" }, "geometry": { "type": "Point", "coordinates": [ -99.154322, 19.441615 ] } },
{ "type": "Feature", "id": 5, "properties": { "nombre": "Instancia Coordinadora Nacional de la Sección XXII de Oaxaca", "tipo_centro": "Ciudadano", "dir": "Av. Coyoacán 939, Col del Valle Centro, 03100 Ciudad de México, CDMX", "horario": "", "dias": "", "lon": -99.168610, "lat": 19.381953, "tipo": "Medicamentos, Material de de curación", "entidades_que_apoya": "Istmo", "entidad": "CDMX" }, "geometry": { "type": "Point", "coordinates": [ -99.1686104, 19.381953 ] } },
{ "type": "Feature", "id": 6, "properties": { "nombre": "Centro Cultural Macario Matus", "tipo_centro": "Ciudadano", "dir": "Almacenes 74, Cuauhtémoc, 06900 Ciudad de México, CDMX", "horario": "", "dias": "", "lon": -99.135889, "lat": 19.450805, "tipo": "Alimentos y agua, Higiene personal, Limpieza del hogar", "entidades_que_apoya": "Juchitán", "entidad": "CDMX" }, "geometry": { "type": "Point", "coordinates": [ -99.1358887, 19.4508045 ] } },
{ "type": "Feature", "id": 7, "properties": { "nombre": "Zócalo", "tipo_centro": "Gobierno", "dir": "Plaza de la Constitución S\/N, Centro, Cuauhtémoc, 06010 Ciudad de México, CDMX, Mexico", "horario": "9:00 - 18:00", "dias": "Lunes a Domingo", "lon": -99.132457, "lat": 19.433268, "tipo": "Artículos de primera necesidad, Higiene personal, Limpieza del hogar", "entidades_que_apoya": "Oaxaca, Chiapas", "entidad": "CDMX" }, "geometry": { "type": "Point", "coordinates": [ -99.1324569, 19.4332677 ] } },
{ "type": "Feature", "id": 8, "properties": { "nombre": "Sandoval Contadores Públicos", "tipo_centro": "Ciudadano", "dir": "Lago Wetter 134, Cuauhtémoc Pensil, 11490 Ciudad de México, CDMX", "horario": "", "dias": "", "lon": -99.193793, "lat": 19.444912, "tipo": "", "entidades_que_apoya": "Istmo", "entidad": "CDMX" }, "geometry": { "type": "Point", "coordinates": [ -99.1937932, 19.4449117 ] } },
{ "type": "Feature", "id": 9, "properties": { "nombre": "ENAH", "tipo_centro": "Académico", "dir": "Periférico Sur y Zapote s\/n. Colonia Isidro Fabela, Tlalpan, Isidro Fabela, 14030 Ciudad de México, CDMX", "horario": "7:00 - 15:00", "dias": "", "lon": -99.179840, "lat": 19.302328, "tipo": "", "entidades_que_apoya": "Pueblos huaves, Juchitán", "entidad": "CDMX" }, "geometry": { "type": "Point", "coordinates": [ -99.179840399999989, 19.3023275 ] } },
{ "type": "Feature", "id": 10, "properties": { "nombre": "UNAM - Estadio Olímpico Universtario", "tipo_centro": "Académico", "dir": "Universidad Nacional Autonoma de Mexico C.U., Av de los Insurgentes Sur S\/N, Cd. Universitaria, 04510 Ciudad de México, CDMX, Mexico", "horario": "9:00 - 17:00", "dias": "Sábado", "lon": -99.192178, "lat": 19.331913, "tipo": "Alimentos, Productos de Higiene Personal, Limpieza del hogar", "entidades_que_apoya": "", "entidad": "CDMX" }, "geometry": { "type": "Point", "coordinates": [ -99.1921777, 19.3319125 ] } },
{ "type": "Feature", "id": 11, "properties": { "nombre": "DIF Nacional", "tipo_centro": "Gobierno", "dir": "Gral. Emiliano Zapata 340, Sta Cruz Atoyac, 03310 Ciudad de México, CDMX", "horario": "", "dias": "", "lon": -99.162057, "lat": 19.369535, "tipo": "Alimentos y agua, Higiene personal, Limpieza del hogar, Primeros auxilios, Medicamentos, Alimentos para bebé", "entidades_que_apoya": "Oaxaca, Chiapas", "entidad": "CDMX" }, "geometry": { "type": "Point", "coordinates": [ -99.162057, 19.3695354 ] } },
{ "type": "Feature", "id": 12, "properties": { "nombre": "DIF - Almacenes Generales", "tipo_centro": "Gobierno", "dir": "Av. México Coyoacán 278, Sta Cruz Atoyac, 03310 Ciudad de México, CDMX", "horario": "", "dias": "", "lon": -99.163283, "lat": 19.366193, "tipo": "Alimentos y agua, Higiene personal, Limpieza del hogar, Primeros auxilios, Medicamentos, Alimentos para bebé", "entidades_que_apoya": "Oaxaca, Chiapas", "entidad": "CDMX" }, "geometry": { "type": "Point", "coordinates": [ -99.1632828, 19.3661932 ] } },
{ "type": "Feature", "id": 13, "properties": { "nombre": "DIF - Casa Hogar para Niñas Graciela Zubirán", "tipo_centro": "Gobierno", "dir": "Avenida de los Insurgentes Sur 3700B, Insurgentes Cuicuilco, 04530 Ciudad de México, CDMX", "horario": "", "dias": "", "lon": -99.186227, "lat": 19.307560, "tipo": "Alimentos y agua, Higiene personal, Limpieza del hogar, Primeros auxilios, Medicamentos, Alimentos para bebé", "entidades_que_apoya": "Oaxaca, Chiapas", "entidad": "CDMX" }, "geometry": { "type": "Point", "coordinates": [ -99.1862268, 19.3075602 ] } },
{ "type": "Feature", "id": 14, "properties": { "nombre": "DIF - Dirección General de Integración Social", "tipo_centro": "Gobierno", "dir": "Av. Insurgentes Sur 3700B, Insurgentes Cuicuilco, 04530 Ciudad de México, CDMX", "horario": "", "dias": "", "lon": -99.186468, "lat": 19.307874, "tipo": "Alimentos y agua, Higiene personal, Limpieza del hogar, Primeros auxilios, Medicamentos, Alimentos para bebé", "entidades_que_apoya": "Oaxaca, Chiapas", "entidad": "CDMX" }, "geometry": { "type": "Point", "coordinates": [ -99.1864679, 19.3078736 ] } },
{ "type": "Feature", "id": 15, "properties": { "nombre": "Seminario de Cultura Mexicana", "tipo_centro": "Ciudadano", "dir": "Av. Pdte. Masaryk 526, Polanco, Polanco II Secc, 11550 Ciudad de México, CDMX", "horario": "9:00 - 19:00", "dias": "", "lon": -99.204947, "lat": 19.432066, "tipo": "Alimentos y agua, Higiene personal, Limpieza del hogar, Otros", "entidades_que_apoya": "Oaxaca, Chiapas", "entidad": "CDMX" }, "geometry": { "type": "Point", "coordinates": [ -99.2049472, 19.4320662 ] } },
{ "type": "Feature", "id": 16, "properties": { "nombre": "Representación de Oaxaca en la CDMX", "tipo_centro": "Gobierno", "dir": "Shakespeare 68, Anzures, 11590 Ciudad de México, CDMX\n", "horario": "", "dias": "", "lon": -99.177256, "lat": 19.428391, "tipo": "Alimentos y agua, Higiene personal, Limpieza del hogar, Otros", "entidades_que_apoya": "Oaxaca", "entidad": "CDMX" }, "geometry": { "type": "Point", "coordinates": [ -99.1772563, 19.4283907 ] } },
{ "type": "Feature", "id": 17, "properties": { "nombre": "PALECH, Pacto de América Latina por la Educación con Calidad Humana", "tipo_centro": "Ciudadano", "dir": "Guanabana 201 Int. C, Nueva Santa María, 02800 Ciudad de México, CDMX", "horario": "", "dias": "", "lon": -99.168240, "lat": 19.465526, "tipo": "Alimentos y agua, Higiene personal, Limpieza del hogar, Primeros auxilios, Medicamentos, Alimentos para bebé", "entidades_que_apoya": "Juchitán, Oaxaca", "entidad": "CDMX" }, "geometry": { "type": "Point", "coordinates": [ -99.1682402, 19.4655262 ] } },
{ "type": "Feature", "id": 18, "properties": { "nombre": "Zoológico Los Coyotes", "tipo_centro": "Ciudadano", "dir": "Av. Heroica Escuela Naval Militar S\/N, Coyoacán, Ex Ejido San Pablo Tepetlapa, 04900 Ciudad de México, CDMX", "horario": "", "dias": "A partir del domingo", "lon": -99.124656, "lat": 19.318773, "tipo": "", "entidades_que_apoya": "", "entidad": "CDMX" }, "geometry": { "type": "Point", "coordinates": [ -99.12465610000001, 19.3187726 ] } },
{ "type": "Feature", "id": 19, "properties": { "nombre": "Delegación Benito Juárez", "tipo_centro": "Gobierno", "dir": "Avenida Cuauhtémoc 1240, Sta Cruz Atoyac, 03310 Ciudad de México, CDMX", "horario": "10:00 - 18:00", "dias": "", "lon": -99.160845, "lat": 19.371919, "tipo": "No perecederos, Toallas femeninas, Higiene Personal, Otros", "entidades_que_apoya": "", "entidad": "CDMX" }, "geometry": { "type": "Point", "coordinates": [ -99.1608446, 19.3719192 ] } },
{ "type": "Feature", "id": 20, "properties": { "nombre": "Enseña por México", "tipo_centro": "Ciudadano", "dir": "Calle Hamburgo 14, Int. PB, Col. Juárez, Del. Cuauhtémoc, Ciudad de México", "horario": "09:00 - 18:00", "dias": "Lunes a viernes", "lon": -99.159607, "lat": 19.428492, "tipo": "Agua embotellada, alimentos enlatados, leche en polvo, botiquín de primeros auxilios, higiene personal.", "entidades_que_apoya": "", "entidad": "CDMX" }, "geometry": { "type": "Point", "coordinates": [ -99.1596069, 19.4284921 ] } },
{ "type": "Feature", "id": 21, "properties": { "nombre": "Casa de Atención Ciudadana Laura Plascencia", "tipo_centro": "Ciudadano", "dir": "Nicolás Bravo 31, Tonalá Centro, 45400 Tonalá, Jal", "horario": "", "dias": "", "lon": -103.245317, "lat": 20.625280, "tipo": "Alimentos y agua, Higiene personal, Limpieza del hogar, Otros", "entidades_que_apoya": "Istmo de Tehuantepec", "entidad": "Jalisco" }, "geometry": { "type": "Point", "coordinates": [ -103.245317, 20.6252797 ] } },
{ "type": "Feature", "id": 22, "properties": { "nombre": "Arquidiocesis Antequera Oaxaca", "tipo_centro": "Religioso", "dir": "Calle Macedonio Alcalá 801, RUTA INDEPENDENCIA, Centro, 68000 Oaxaca, Oax.\n", "horario": "10:00 - 14:00, 17:00 - 19:00", "dias": "", "lon": -96.723335, "lat": 17.069064, "tipo": "Alimentos y agua, Higiene personal, Limpieza del hogar", "entidades_que_apoya": "", "entidad": "Oaxaca" }, "geometry": { "type": "Point", "coordinates": [ -96.7233352, 17.0690643 ] } },
{ "type": "Feature", "id": 23, "properties": { "nombre": "DIF Estatal - Gimnasio Flores Magón", "tipo_centro": "Gobierno", "dir": "Centro, 68000 Oaxaca", "horario": "", "dias": "", "lon": -96.725316, "lat": 17.063745, "tipo": "Alimentos y agua, Higiene personal, Limpieza del hogar", "entidades_que_apoya": "", "entidad": "Oaxaca" }, "geometry": { "type": "Point", "coordinates": [ -96.7253164, 17.0637447 ] } },
{ "type": "Feature", "id": 24, "properties": { "nombre": "Cruz Roja Tuxtla", "tipo_centro": "Cruz Roja", "dir": "Av. 5A. Norte Poniente 1480, Covandonga, Tuxtla Gutiérrez, Chis., Mexico", "horario": "9:00 - 19:00", "dias": "", "lon": -93.132729, "lat": 16.761104, "tipo": "Alimentos y agua, Higiene personal, Limpieza del hogar, Otros", "entidades_que_apoya": "Chiapas", "entidad": "Chiapas" }, "geometry": { "type": "Point", "coordinates": [ -93.1327293, 16.7611035 ] } },
{ "type": "Feature", "id": 25, "properties": { "nombre": "Tecnológico de Monterrey Chiapas", "tipo_centro": "Académico", "dir": "DAE y Plaza Prepa- Carretera Tapanatepec- Tuxtla Gutierrez Km 149+746, Juan Crispin, 29020 Tuxtla Gutiérrez, Chis.", "horario": "", "dias": "", "lon": -93.200836, "lat": 16.765092, "tipo": "Alimentos no perecederos, Higiene personal, Limpieza general.", "entidades_que_apoya": "", "entidad": "Chiapas" }, "geometry": { "type": "Point", "coordinates": [ -93.2008364, 16.7650919 ] } },
{ "type": "Feature", "id": 26, "properties": { "nombre": "La Purísima Cocina Oaxaqueña", "tipo_centro": "Ciudadano", "dir": "Calle 25 Sur B 905, La Paz, 72160 Puebla, Pue.", "horario": "", "dias": "", "lon": -98.219706, "lat": 19.050877, "tipo": "Alimentos y agua, Higiene personal, Limpieza del hogar, Cobijas", "entidades_que_apoya": "Istmo", "entidad": "Puebla" }, "geometry": { "type": "Point", "coordinates": [ -98.2197061, 19.050877 ] } },
{ "type": "Feature", "id": 27, "properties": { "nombre": "Zócalo de la Ciudad de Puebla", "tipo_centro": "Gobierno", "dir": "Juan de Palafox y Mendoza, Centro, 72000 Puebla, Pue.", "horario": "10:00 - 16:00", "dias": "", "lon": -98.195645, "lat": 19.042919, "tipo": "", "entidades_que_apoya": "", "entidad": "Puebla" }, "geometry": { "type": "Point", "coordinates": [ -98.195645, 19.0429188 ] } },
{ "type": "Feature", "id": 28, "properties": { "nombre": "UPAEP", "tipo_centro": "Académico", "dir": "Calle 21 Sur 1103, Barrio de Santiago, 72410 Puebla, Pue.", "horario": "L a S 9:00 - 20:00, D 10:00 - 14:00", "dias": "Lunes a domingo", "lon": -98.216062, "lat": 19.048053, "tipo": "Alimentos y agua, Higiene personal, Limpieza del hogar, Cobijas", "entidades_que_apoya": "Oaxaca", "entidad": "Puebla" }, "geometry": { "type": "Point", "coordinates": [ -98.2160623, 19.0480531 ] } },
{ "type": "Feature", "id": 29, "properties": { "nombre": "DIF Metepec", "tipo_centro": "Gobierno", "dir": "Av Manuel J. Clouthier No.70, Izcalli Cuauhtemoc V, 52176 Metepec, Méx.", "horario": "8:00 - 16:00", "dias": "Lunes a viernes", "lon": -99.596383, "lat": 19.269506, "tipo": "No perecederos, Higiene Personal, Agua embotellada", "entidades_que_apoya": "Oaxaca, Chiapas", "entidad": "EdoMex" }, "geometry": { "type": "Point", "coordinates": [ -99.5963832, 19.2695055 ] } },
{ "type": "Feature", "id": 30, "properties": { "nombre": "Explanada Norte, Estadio BBVA Bancomer", "tipo_centro": "Ciudadano", "dir": "Pablo Livas 2011, La Pastora, 67140 Guadalupe, N.L.", "horario": "", "dias": "A partir de las 17:00 del sábado 9 de septiembre", "lon": -100.244558, "lat": 25.667999, "tipo": "Alimentos y agua, Higiene personal, Limpieza del hogar, Primeros auxilios, Medicamentos, Alimentos para bebé, Abrelatas, Bolsas de basura, Linternas y baterías", "entidades_que_apoya": "Oaxaca, Chiapas", "entidad": "NL" }, "geometry": { "type": "Point", "coordinates": [ -100.2445578, 25.6679986 ] } },
{ "type": "Feature", "id": 31, "properties": { "nombre": "Oficinas DIF Nuevo León ", "tipo_centro": "Gobierno", "dir": "Av. Morones Prieto 600 Ote., Col. Independencia, Monterrey, N.L.", "horario": "08:00 - 17:00", "dias": "", "lon": -100.325022, "lat": 25.664125, "tipo": "Alimentos (agua no), Higiene personal, Limpieza del hogar, Cobijas, Colchonetas.", "entidades_que_apoya": "Oaxaca, Chiapas", "entidad": "NL" }, "geometry": { "type": "Point", "coordinates": [ -100.3250222, 25.6641252 ] } },
{ "type": "Feature", "id": 32, "properties": { "nombre": "Universidad de Guadalajara en Coordinación de Extensión o en Servicios Médicos Integrales ", "tipo_centro": "Académico", "dir": "Periférico Norte N° 799, Núcleo Universitario Los Belenes, 45100 Zapopan, Jal.", "horario": "08:00 - 17:00", "dias": "", "lon": -103.380853, "lat": 20.740761, "tipo": "Alimentos y agua, Higiene personal, Limpieza del hogar, Cobijas, Ropa", "entidades_que_apoya": "Oaxaca, Chiapas", "entidad": "Jalisco" }, "geometry": { "type": "Point", "coordinates": [ -103.3808525, 20.7407607 ] } },
{ "type": "Feature", "id": 33, "properties": { "nombre": "Presidencia Municipal Zapopan", "tipo_centro": "Gobierno", "dir": "Avenida Hidalgo 151, Zapopan, 45100 Zapopan, Jal.", "horario": "9:00 - 16:00", "dias": "", "lon": -103.389824, "lat": 20.721609, "tipo": "Alimentos y agua, Higiene personal, Limpieza del hogar, Cobijas", "entidades_que_apoya": "Oaxaca, Chiapas", "entidad": "Jalisco" }, "geometry": { "type": "Point", "coordinates": [ -103.3898239, 20.7216089 ] } },
{ "type": "Feature", "id": 34, "properties": { "nombre": "DIF Zapopan", "tipo_centro": "Gobierno", "dir": "Av. Laureles 1151, Unidad Fovissste, 45149 Zapopan, Jal.", "horario": "9:00 - 15:00", "dias": "", "lon": -103.403356, "lat": 20.737962, "tipo": "Alimentos y agua, Higiene personal, Limpieza del hogar, Cobijas", "entidades_que_apoya": "Oaxaca, Chiapas", "entidad": "Jalisco" }, "geometry": { "type": "Point", "coordinates": [ -103.403356, 20.7379616 ] } },
{ "type": "Feature", "id": 35, "properties": { "nombre": "DIF Playa del Carmen - Palapa de Usos Múltiples", "tipo_centro": "Gobierno", "dir": "Calle 8 Nte, Gonzalo Guerrero, 77720 Playa del Carmen, Q.R.", "horario": "9:00 - 17:00", "dias": "Lunes a domingo", "lon": -87.076454, "lat": 20.628135, "tipo": "Alimentos y agua, Higiene personal, Limpieza del hogar, Cobijas, Ropa y zapatos", "entidades_que_apoya": "Oaxaca, Chiapas", "entidad": "Quintana Roo" }, "geometry": { "type": "Point", "coordinates": [ -87.076454, 20.6281345 ] } },
{ "type": "Feature", "id": 36, "properties": { "nombre": "Cruz Roja Mexicana - Sede Nacional", "tipo_centro": "Cruz Roja", "dir": "uan Luis Vives 200, Polanco I Sección, Polanco I Secc, 11510 Miguel Hidalgo, CDMX", "horario": "8:00 - 20:00", "dias": "Lunes a domingo", "lon": -99.209369, "lat": 19.437716, "tipo": "Atún, sardinas, frijoles, arroz, lenteja, sopa de pasta, chiles en lata, consomé de pollo en polvo, verduras en lata, sal, mayonesa, aceite, café soluble, azúcar, mermelada, chocolate en polvo, galletas, abrelatas", "entidades_que_apoya": "", "entidad": "CDMX" }, "geometry": { "type": "Point", "coordinates": [ -99.2093693, 19.4377163 ] } },
{ "type": "Feature", "id": 37, "properties": { "nombre": "Cruz Roja Mexicana - Delegación Estado de México", "tipo_centro": "Cruz Roja", "dir": "Paseo Santa Elena 72, Fraccionamiento Santa Elena, 52100 San Mateo Atenco, Méx", "horario": "8:00 - 20:00", "dias": "Lunes a domingo", "lon": -99.540478, "lat": 19.283278, "tipo": "Atún, sardinas, frijoles, arroz, lenteja, sopa de pasta, chiles en lata, consomé de pollo en polvo, verduras en lata, sal, mayonesa, aceite, café soluble, azúcar, mermelada, chocolate en polvo, galletas, abrelatas", "entidades_que_apoya": "", "entidad": "EdoMex" }, "geometry": { "type": "Point", "coordinates": [ -99.540477599999988, 19.2832777 ] } },
{ "type": "Feature", "id": 38, "properties": { "nombre": "Cruz Roja Mexicana - Delegación Oaxaca", "tipo_centro": "Cruz Roja", "dir": "Armenta y López No. 700 Colonia Centro. CP: 68000 Oaxaca, Oaxaca.", "horario": "8:00 - 20:00", "dias": "Lunes a domingo", "lon": -96.724782, "lat": 17.055972, "tipo": "Atún, sardinas, frijoles, arroz, lenteja, sopa de pasta, chiles en lata, consomé de pollo en polvo, verduras en lata, sal, mayonesa, aceite, café soluble, azúcar, mermelada, chocolate en polvo, galletas, abrelatas", "entidades_que_apoya": "", "entidad": "Oaxaca" }, "geometry": { "type": "Point", "coordinates": [ -96.7247816, 17.0559717 ] } },
{ "type": "Feature", "id": 39, "properties": { "nombre": "Cruz Roja Mexicana - Delegación Chiapas", "tipo_centro": "Cruz Roja", "dir": "Libramiento Nte. Ote. 451, Albania Baja, 29010 Tuxtla Gutiérrez, Chis.", "horario": "8:00 - 20:00", "dias": "Lunes a domingo", "lon": -93.110086, "lat": 16.770447, "tipo": "Atún, sardinas, frijoles, arroz, lenteja, sopa de pasta, chiles en lata, consomé de pollo en polvo, verduras en lata, sal, mayonesa, aceite, café soluble, azúcar, mermelada, chocolate en polvo, galletas, abrelatas", "entidades_que_apoya": "", "entidad": "Chiapas" }, "geometry": { "type": "Point", "coordinates": [ -93.110086, 16.770447 ] } },
{ "type": "Feature", "id": 40, "properties": { "nombre": "Cruz Roja Mexicana - Delegación Tabasco", "tipo_centro": "Cruz Roja", "dir": "Av. Paseo Tabasco No. 613, Colonia Jesús García, 86040, Villahermosa, Tabasco.", "horario": "8:00 - 20:00", "dias": "Lunes a domingo", "lon": -92.936509, "lat": 17.994334, "tipo": "Atún, sardinas, frijoles, arroz, lenteja, sopa de pasta, chiles en lata, consomé de pollo en polvo, verduras en lata, sal, mayonesa, aceite, café soluble, azúcar, mermelada, chocolate en polvo, galletas, abrelatas", "entidades_que_apoya": "", "entidad": "Tabasco" }, "geometry": { "type": "Point", "coordinates": [ -92.9365095, 17.9943341 ] } },
{ "type": "Feature", "id": 41, "properties": { "nombre": "Campo Marte", "tipo_centro": "Gobierno", "dir": "Avenida Paseo de La Reforma, Miguel Hidalgo, San Miguel Chapultepec, 11850 Ciudad de México, CDMX", "horario": "", "dias": "Lunes a domingo", "lon": -99.188225, "lat": 19.425117, "tipo": "Atún, sardinas, frijoles, arroz, lenteja, sopa de pasta, chiles en lata, consomé de pollo en polvo, verduras en lata, sal, mayonesa, aceite, café soluble, azúcar, mermelada, chocolate en polvo, galletas, abrelatas", "entidades_que_apoya": "", "entidad": "CDMX" }, "geometry": { "type": "Point", "coordinates": [ -99.1882254, 19.4251167 ] } },
{ "type": "Feature", "id": 138, "properties": { "nombre": "Walmart", "tipo_centro": null, "dir": "Miguel Othon de Mendizabal Oriente No. 343 Nueva Industrial Vallejo 07700 México Ciudad De México Mexico", "horario": "07:00 - 23:00", "dias": "Lunes a Domingo", "lon": -99.148185, "lat": 19.505931, "tipo": null, "entidades_que_apoya": null, "entidad": "CDMX" }, "geometry": { "type": "Point", "coordinates": [ -99.1481851, 19.5059313 ] } },
{ "type": "Feature", "id": 210, "properties": { "nombre": "Walmart", "tipo_centro": null, "dir": "Av. Universidad No. 936-A Santa Cruz Atoyac 03310 Benito Juárez México Ciudad De México Mexico", "horario": "07:00 - 23:00", "dias": "Lunes a Domingo", "lon": -99.163362, "lat": 19.368522, "tipo": null, "entidades_que_apoya": null, "entidad": "CDMX" }, "geometry": { "type": "Point", "coordinates": [ -99.1633618, 19.3685216 ] } },
{ "type": "Feature", "id": 44, "properties": { "nombre": "Walmart", "tipo_centro": null, "dir": "Av. Canal De Miramontes No. 3520 San Bartolo Coapa 14390 Tlalpan México Ciudad De México Mexico", "horario": "07:00 - 23:00", "dias": "Lunes a Domingo", "lon": -99.127671, "lat": 19.285866, "tipo": null, "entidades_que_apoya": null, "entidad": "CDMX" }, "geometry": { "type": "Point", "coordinates": [ -99.127671, 19.285866 ] } },
{ "type": "Feature", "id": 51, "properties": { "nombre": "Walmart", "tipo_centro": null, "dir": "Blvd. Adolfo López Mateos No. 117 Ojuelos 51350 Toluca Estado De México Mexico", "horario": "07:00 - 23:00", "dias": "Lunes a Domingo", "lon": -99.688566, "lat": 19.288349, "tipo": null, "entidades_que_apoya": null, "entidad": "EDOMEX" }, "geometry": { "type": "Point", "coordinates": [ -99.6885664, 19.2883491 ] } },
{ "type": "Feature", "id": 62, "properties": { "nombre": "Walmart", "tipo_centro": null, "dir": "Circuito 19 Metalurgistas 2 Cd. Satélite 53100 Naucalpan de Juárez Estado De México Mexico", "horario": "07:00 - 23:00", "dias": "Lunes a Domingo", "lon": -99.232174, "lat": 19.514799, "tipo": null, "entidades_que_apoya": null, "entidad": "EDOMEX" }, "geometry": { "type": "Point", "coordinates": [ -99.2321744, 19.5147995 ] } },
{ "type": "Feature", "id": 77, "properties": { "nombre": "Walmart", "tipo_centro": null, "dir": "Av. Símbolos Patrios No. 1319 Agencia Municipal Candiani Sobre la Carretera 68130 Oaxaca Oaxaca Mexico", "horario": "07:00 - 23:00", "dias": "Lunes a Domingo", "lon": -96.714288, "lat": 17.031657, "tipo": null, "entidades_que_apoya": null, "entidad": "Oaxaca" }, "geometry": { "type": "Point", "coordinates": [ -96.7142876, 17.0316566 ] } },
{ "type": "Feature", "id": 94, "properties": { "nombre": "Walmart", "tipo_centro": null, "dir": "Carretera Tapachula Puerto Madero Km 2.5 Las Hortencias 30797 Tapachula Chiapas Mexico", "horario": "07:00 - 23:00", "dias": "Lunes a Domingo", "lon": -92.283128, "lat": 14.874620, "tipo": null, "entidades_que_apoya": null, "entidad": "Chiapas" }, "geometry": { "type": "Point", "coordinates": [ -92.2831282, 14.87462 ] } },
{ "type": "Feature", "id": 1010, "properties": { "nombre": "Walmart", "tipo_centro": null, "dir": "Miguel A. De Quevedo No. 175 Chimalistac 01070 Coyoacán México Ciudad De México Mexico", "horario": "07:00 - 23:00", "dias": "Lunes a Domingo", "lon": -99.182496, "lat": 19.345134, "tipo": null, "entidades_que_apoya": null, "entidad": "CDMX" }, "geometry": { "type": "Point", "coordinates": [ -99.1824964, 19.345134 ] } },
{ "type": "Feature", "id": 1110, "properties": { "nombre": "Walmart", "tipo_centro": null, "dir": "Calzada de Guadalupe No. 431 Guadalupe Tepeyac 07840 Gustavo A. Madero México Ciudad De México Mexico", "horario": "07:00 - 23:00", "dias": "Lunes a Domingo", "lon": -99.123552, "lat": 19.468238, "tipo": null, "entidades_que_apoya": null, "entidad": "CDMX" }, "geometry": { "type": "Point", "coordinates": [ -99.1235522, 19.4682375 ] } },
{ "type": "Feature", "id": 1210, "properties": { "nombre": "Walmart", "tipo_centro": null, "dir": "Calzada Tláhuac No. 5662 San Lorenzo Tezonco 13266 México Ciudad De México Mexico", "horario": "07:00 - 23:00", "dias": "Lunes a Domingo", "lon": -99.060132, "lat": 19.304648, "tipo": null, "entidades_que_apoya": null, "entidad": "CDMX" }, "geometry": { "type": "Point", "coordinates": [ -99.0601316, 19.3046479 ] } },
{ "type": "Feature", "id": 139, "properties": { "nombre": "Walmart", "tipo_centro": null, "dir": "Calzada de Tlalpan No. 1037 Américas Unidas 03500 Benito Juárez México Ciudad De México Mexico", "horario": "07:00 - 23:00", "dias": "Lunes a Domingo", "lon": -99.140002, "lat": 19.381535, "tipo": null, "entidades_que_apoya": null, "entidad": "CDMX" }, "geometry": { "type": "Point", "coordinates": [ -99.1400023, 19.3815355 ] } },
{ "type": "Feature", "id": 141, "properties": { "nombre": "Walmart", "tipo_centro": null, "dir": "Av. Hidalgo S\/N Industrial Tlaxcolpan 54030 Tlalnepantla de Baz Estado De México Mexico", "horario": "07:00 - 23:00", "dias": "Lunes a Domingo", "lon": -99.193967, "lat": 19.550694, "tipo": null, "entidades_que_apoya": null, "entidad": "EDOMEX" }, "geometry": { "type": "Point", "coordinates": [ -99.193967199999989, 19.5506943 ] } },
{ "type": "Feature", "id": 151, "properties": { "nombre": "Walmart", "tipo_centro": null, "dir": "Paseo Tollocan No. 600 Sector Progreso 50150 Toluca Estado De México Mexico", "horario": "07:00 - 23:00", "dias": "Lunes a Domingo", "lon": -99.639369, "lat": 19.280973, "tipo": null, "entidades_que_apoya": null, "entidad": "EDOMEX" }, "geometry": { "type": "Point", "coordinates": [ -99.6393692, 19.2809725 ] } },
{ "type": "Feature", "id": 161, "properties": { "nombre": "Walmart", "tipo_centro": null, "dir": "Carretera Federal México-Texcoco km 30.5 Santiago Cuautlalpan 56259 Texcoco Estado De México Mexico", "horario": "07:00 - 23:00", "dias": "Lunes a Domingo", "lon": -98.911944, "lat": 19.427364, "tipo": null, "entidades_que_apoya": null, "entidad": "EDOMEX" }, "geometry": { "type": "Point", "coordinates": [ -98.911944, 19.427364 ] } },
{ "type": "Feature", "id": 181, "properties": { "nombre": "Walmart", "tipo_centro": null, "dir": "Carretera Transísmica No. 10 km 6.5 Granadillo 70613 Salina Cruz Oaxaca Mexico", "horario": "07:00 - 23:00", "dias": "Lunes a Domingo", "lon": -95.214441, "lat": 16.240909, "tipo": null, "entidades_que_apoya": null, "entidad": "Oaxaca" }, "geometry": { "type": "Point", "coordinates": [ -95.2144409, 16.240909 ] } },
{ "type": "Feature", "id": 191, "properties": { "nombre": "Walmart", "tipo_centro": null, "dir": "Carretera Federal México-Pachuca km 36.5 Hueyotenco 55741 Tecámac Estado De México Mexico", "horario": "07:00 - 23:00", "dias": "Lunes a Domingo", "lon": -98.981437, "lat": 19.698243, "tipo": null, "entidades_que_apoya": null, "entidad": "EDOMEX" }, "geometry": { "type": "Point", "coordinates": [ -98.9814373, 19.698243 ] } },
{ "type": "Feature", "id": 201, "properties": { "nombre": "Walmart", "tipo_centro": null, "dir": "Av. Chalma No. 281 Jardínes de la Hacienda 54720 Cuautitlán Izcalli Estado De México Mexico", "horario": "07:00 - 23:00", "dias": "Lunes a Domingo", "lon": -99.203312, "lat": 19.670373, "tipo": null, "entidades_que_apoya": null, "entidad": "EDOMEX" }, "geometry": { "type": "Point", "coordinates": [ -99.203312, 19.6703734 ] } },
{ "type": "Feature", "id": 221, "properties": { "nombre": "Walmart", "tipo_centro": null, "dir": "Vía José López Portillo No. 2 San Francisco Coacalco 55712 Coacalco Estado De México Mexico", "horario": "07:00 - 23:00", "dias": "Lunes a Domingo", "lon": -99.107146, "lat": 19.636418, "tipo": null, "entidades_que_apoya": null, "entidad": "EDOMEX" }, "geometry": { "type": "Point", "coordinates": [ -99.1071461, 19.6364182 ] } },
{ "type": "Feature", "id": 231, "properties": { "nombre": "Walmart", "tipo_centro": null, "dir": "Vialidad Toluca - Naucalpan No. 1101 San Mateo Otzacatipan 50200 Toluca Estado De México Mexico", "horario": "07:00 - 23:00", "dias": "Lunes a Domingo", "lon": -99.624797, "lat": 19.321514, "tipo": null, "entidades_que_apoya": null, "entidad": "EDOMEX" }, "geometry": { "type": "Point", "coordinates": [ -99.6247966, 19.3215145 ] } },
{ "type": "Feature", "id": 241, "properties": { "nombre": "Walmart", "tipo_centro": null, "dir": "Blvd. Manuel Avila Camacho No. 2550 Fraccionamiento Los Pirules 54050 Tlalnepantla de Baz Estado De México Mexico", "horario": "07:00 - 23:00", "dias": "Lunes a Domingo", "lon": -99.221753, "lat": 19.530046, "tipo": null, "entidades_que_apoya": null, "entidad": "EDOMEX" }, "geometry": { "type": "Point", "coordinates": [ -99.2217534, 19.5300458 ] } },
{ "type": "Feature", "id": 251, "properties": { "nombre": "Walmart", "tipo_centro": null, "dir": "Blvd. Adolfo López Mateos No. 1701 Lomas de Plateros 01460 Alvaro Obregón México Ciudad De México Mexico", "horario": "07:00 - 23:00", "dias": "Lunes a Domingo", "lon": -99.192390, "lat": 19.373400, "tipo": null, "entidades_que_apoya": null, "entidad": "CDMX" }, "geometry": { "type": "Point", "coordinates": [ -99.192389600000013, 19.3733997 ] } },
{ "type": "Feature", "id": 281, "properties": { "nombre": "Walmart", "tipo_centro": null, "dir": "Av. Canal de Tezontle No. 1520 Dr. Alfonso OrtizTirado 09020 Iztapalapa México Ciudad De México Mexico", "horario": "07:00 - 23:00", "dias": "Lunes a Domingo", "lon": -99.083126, "lat": 19.383843, "tipo": null, "entidades_que_apoya": null, "entidad": "CDMX" }, "geometry": { "type": "Point", "coordinates": [ -99.0831257, 19.3838425 ] } },
{ "type": "Feature", "id": 291, "properties": { "nombre": "Walmart", "tipo_centro": null, "dir": "Autopista México - Quéretaro No. 3985 Centro Industrial Tlalnepantla 54030 Tlalnepantla de Baz Estado De México Mexico", "horario": "07:00 - 23:00", "dias": "Lunes a Domingo", "lon": -99.211940, "lat": 19.544288, "tipo": null, "entidades_que_apoya": null, "entidad": "EDOMEX" }, "geometry": { "type": "Point", "coordinates": [ -99.21194, 19.544288 ] } },
{ "type": "Feature", "id": 321, "properties": { "nombre": "Walmart", "tipo_centro": null, "dir": "Av. Prolongación Paseo de la Reforma No. 400 Santa Fe Entre Av. Vasco de Quiróga y Av. Paseo de la Reforma 01210 México Ciudad De México Mexico", "horario": "07:00 - 23:00", "dias": "Lunes a Domingo", "lon": -99.254371, "lat": 19.377249, "tipo": null, "entidades_que_apoya": null, "entidad": "CDMX" }, "geometry": { "type": "Point", "coordinates": [ -99.2543711, 19.3772492 ] } },
{ "type": "Feature", "id": 331, "properties": { "nombre": "Walmart", "tipo_centro": null, "dir": "Autopista México- Querétaro km 36.5 LT 1 Parque Industrial Cuamatla 54730 Cuautitlán Izcalli Estado De México Mexico", "horario": "07:00 - 23:00", "dias": "Lunes a Domingo", "lon": -99.200547, "lat": 19.669057, "tipo": null, "entidades_que_apoya": null, "entidad": "EDOMEX" }, "geometry": { "type": "Point", "coordinates": [ -99.2005471, 19.6690569 ] } },
{ "type": "Feature", "id": 341, "properties": { "nombre": "Walmart", "tipo_centro": null, "dir": "Av. Centro Comercial 190 04530 Insurgentes Cuicuilco Ciudad De México Mexico", "horario": "07:00 - 23:00", "dias": "Lunes a Domingo", "lon": -99.189905, "lat": 19.305640, "tipo": null, "entidades_que_apoya": null, "entidad": "CDMX" }, "geometry": { "type": "Point", "coordinates": [ -99.189904500000011, 19.3056403 ] } },
{ "type": "Feature", "id": 381, "properties": { "nombre": "Walmart", "tipo_centro": null, "dir": "Leona Vicario No. 502 La Purisima 52840 Toluca Estado De México Mexico", "horario": "07:00 - 23:00", "dias": "Lunes a Domingo", "lon": -99.615377, "lat": 19.261535, "tipo": null, "entidades_que_apoya": null, "entidad": "EDOMEX" }, "geometry": { "type": "Point", "coordinates": [ -99.6153769, 19.261535 ] } },
{ "type": "Feature", "id": 391, "properties": { "nombre": "Walmart", "tipo_centro": null, "dir": "Av. Escuela Naval Militar No. 753 0 Esq. Av. Canal De Miramontes 04890 Coyoacán México Ciudad De México Mexico", "horario": "07:00 - 23:00", "dias": "Lunes a Domingo", "lon": -99.124571, "lat": 19.315210, "tipo": null, "entidades_que_apoya": null, "entidad": "CDMX" }, "geometry": { "type": "Point", "coordinates": [ -99.1245712, 19.3152097 ] } },
{ "type": "Feature", "id": 401, "properties": { "nombre": "Walmart", "tipo_centro": null, "dir": "Las Águilas No. 820 Las Águilas 01710 Álvaro Obregón México Ciudad De México Mexico", "horario": "07:00 - 23:00", "dias": "Lunes a Domingo", "lon": -99.196058, "lat": 19.390940, "tipo": null, "entidades_que_apoya": null, "entidad": "CDMX" }, "geometry": { "type": "Point", "coordinates": [ -99.1960581, 19.3909403 ] } },
{ "type": "Feature", "id": 411, "properties": { "nombre": "Walmart", "tipo_centro": null, "dir": "Paseo de las Palomas No. 25 Fraccionamiento Las Alamedas 52970 Atizapán de Zaragoza Atizapán Estado De México Mexico", "horario": "07:00 - 23:00", "dias": "Lunes a Domingo", "lon": -99.248438, "lat": 19.553369, "tipo": null, "entidades_que_apoya": null, "entidad": "EDOMEX" }, "geometry": { "type": "Point", "coordinates": [ -99.248438, 19.5533692 ] } },
{ "type": "Feature", "id": 42, "properties": { "nombre": "Walmart", "tipo_centro": null, "dir": "Av. Central Manzana 4 Lote 1 Las Américas Esq. Av. 1 de Mayo 55459 Ecatepec de Morelos Estado De México Mexico", "horario": "07:00 - 23:00", "dias": "Lunes a Domingo", "lon": -99.016202, "lat": 19.585492, "tipo": null, "entidades_que_apoya": null, "entidad": "EDOMEX" }, "geometry": { "type": "Point", "coordinates": [ -99.0162017, 19.5854918 ] } },
{ "type": "Feature", "id": 43, "properties": { "nombre": "Walmart", "tipo_centro": null, "dir": "Rio Lerma No. 5 La Merced Entre Las Calles De Morelos Y El Calvario 52006 Lerma Estado De México Mexico", "horario": "07:00 - 23:00", "dias": "Lunes a Domingo", "lon": -99.506911, "lat": 19.282614, "tipo": null, "entidades_que_apoya": null, "entidad": "EDOMEX" }, "geometry": { "type": "Point", "coordinates": [ -99.5069114, 19.2826137 ] } },
{ "type": "Feature", "id": 45, "properties": { "nombre": "Walmart", "tipo_centro": null, "dir": "Blvd. Manuel Ávila Camacho No. 491 Periodistas 11220 Miguel Hidalgo México Ciudad De México Mexico", "horario": "07:00 - 23:00", "dias": "Lunes a Domingo", "lon": -99.217653, "lat": 19.450194, "tipo": null, "entidades_que_apoya": null, "entidad": "CDMX" }, "geometry": { "type": "Point", "coordinates": [ -99.217653399999989, 19.4501943 ] } },
{ "type": "Feature", "id": 46, "properties": { "nombre": "Walmart", "tipo_centro": null, "dir": "Super Carretera Lomas Verdes No. 1200 VI Sección Lomas Verdes 53120 Naucalpan de Juárez Estado De México Mexico", "horario": "07:00 - 23:00", "dias": "Lunes a Domingo", "lon": -99.267833, "lat": 19.516024, "tipo": null, "entidades_que_apoya": null, "entidad": "EDOMEX" }, "geometry": { "type": "Point", "coordinates": [ -99.2678327, 19.5160237 ] } },
{ "type": "Feature", "id": 48, "properties": { "nombre": "Walmart", "tipo_centro": null, "dir": "Blvd. Magnocentro 35\/ Lote 1\/ Manzana II Bosques De Las Palmas 52787 Huixquilucan Estado De México Mexico", "horario": "07:00 - 23:00", "dias": "Lunes a Domingo", "lon": -99.272291, "lat": 19.406460, "tipo": null, "entidades_que_apoya": null, "entidad": "EDOMEX" }, "geometry": { "type": "Point", "coordinates": [ -99.2722913, 19.40646 ] } },
{ "type": "Feature", "id": 50, "properties": { "nombre": "Walmart", "tipo_centro": null, "dir": "Carretera Jorobas - Tula 02 38 Manzana 125 NTE 1 Santa Teresa 3 y 3 BIS Camino a Santa Teresa 54695 Huehuetoca Estado De México Mexico", "horario": "07:00 - 23:00", "dias": "Lunes a Domingo", "lon": -99.237835, "lat": 19.841631, "tipo": null, "entidades_que_apoya": null, "entidad": "EDOMEX" }, "geometry": { "type": "Point", "coordinates": [ -99.2378347, 19.8416313 ] } },
{ "type": "Feature", "id": 53, "properties": { "nombre": "Walmart", "tipo_centro": null, "dir": "Av. San Francisco 1621 Del Valle 03100 México Ciudad De México Mexico", "horario": "07:00 - 23:00", "dias": "Lunes a Domingo", "lon": -99.237327, "lat": 19.311932, "tipo": null, "entidades_que_apoya": null, "entidad": "CDMX" }, "geometry": { "type": "Point", "coordinates": [ -99.2373266, 19.3119319 ] } },
{ "type": "Feature", "id": 56, "properties": { "nombre": "Walmart", "tipo_centro": null, "dir": "José Ma. Castorena No. 84 San José de los Cedros 05210 Cuajimalpa México Ciudad De México Mexico", "horario": "07:00 - 23:00", "dias": "Lunes a Domingo", "lon": -99.287878, "lat": 19.362831, "tipo": null, "entidades_que_apoya": null, "entidad": "CDMX" }, "geometry": { "type": "Point", "coordinates": [ -99.287877600000016, 19.3628309 ] } },
{ "type": "Feature", "id": 57, "properties": { "nombre": "Walmart", "tipo_centro": null, "dir": "Cañaverales No. 222 Granjas Coapa 14330 Coyoacan México Ciudad De México Mexico", "horario": "07:00 - 23:00", "dias": "Lunes a Domingo", "lon": -99.109821, "lat": 19.294172, "tipo": null, "entidades_que_apoya": null, "entidad": "CDMX" }, "geometry": { "type": "Point", "coordinates": [ -99.1098214, 19.2941718 ] } },
{ "type": "Feature", "id": 58, "properties": { "nombre": "Walmart", "tipo_centro": null, "dir": "Av. Cuitlahuac No. 3651 Hogar y Seguridad 02820 Azcapotzalco México Ciudad De México Mexico", "horario": "07:00 - 23:00", "dias": "Lunes a Domingo", "lon": -99.161947, "lat": 19.472738, "tipo": null, "entidades_que_apoya": null, "entidad": "CDMX" }, "geometry": { "type": "Point", "coordinates": [ -99.1619468, 19.4727376 ] } },
{ "type": "Feature", "id": 59, "properties": { "nombre": "Walmart", "tipo_centro": null, "dir": "Av. Revolución No. 1560 San Cristóbal Centro Entre las Calles Agricultura y Benito Juárez 55000 Ecatepec de Morelos Estado De México Mexico", "horario": "07:00 - 23:00", "dias": "Lunes a Domingo", "lon": -99.048233, "lat": 19.605373, "tipo": null, "entidades_que_apoya": null, "entidad": "EDOMEX" }, "geometry": { "type": "Point", "coordinates": [ -99.0482334, 19.6053725 ] } },
{ "type": "Feature", "id": 60, "properties": { "nombre": "Walmart", "tipo_centro": null, "dir": "Emiliano Zapata No. 7 Santa María Nativitas 05320 Estado de Mexico Estado De México Mexico", "horario": "07:00 - 23:00", "dias": "Lunes a Domingo", "lon": -99.635242, "lat": 19.208343, "tipo": null, "entidades_que_apoya": null, "entidad": "EDOMEX" }, "geometry": { "type": "Point", "coordinates": [ -99.6352424, 19.2083433 ] } },
{ "type": "Feature", "id": 61, "properties": { "nombre": "Walmart", "tipo_centro": null, "dir": "Calz. San Juan de Aragón No. 516 D.M. Nacional 07090 Gustavo A. Madero México Ciudad De México Mexico", "horario": "07:00 - 23:00", "dias": "Lunes a Domingo", "lon": -99.094013, "lat": 19.478169, "tipo": null, "entidades_que_apoya": null, "entidad": "CDMX" }, "geometry": { "type": "Point", "coordinates": [ -99.0940134, 19.4781689 ] } },
{ "type": "Feature", "id": 63, "properties": { "nombre": "Walmart", "tipo_centro": null, "dir": "Vía José López Portillo No. 101 Zacuautitla 55710 Coacalco Estado De México Mexico", "horario": "07:00 - 23:00", "dias": "Lunes a Domingo", "lon": -99.097289, "lat": 19.634526, "tipo": null, "entidades_que_apoya": null, "entidad": "EDOMEX" }, "geometry": { "type": "Point", "coordinates": [ -99.0972886, 19.6345264 ] } },
{ "type": "Feature", "id": 65, "properties": { "nombre": "Walmart", "tipo_centro": null, "dir": "Av. Copilco No. 164 Oxtopulco 04318 México Ciudad De México Mexico", "horario": "07:00 - 23:00", "dias": "Lunes a Domingo", "lon": -99.183430, "lat": 19.338247, "tipo": null, "entidades_que_apoya": null, "entidad": "CDMX" }, "geometry": { "type": "Point", "coordinates": [ -99.1834299, 19.3382474 ] } },
{ "type": "Feature", "id": 66, "properties": { "nombre": "Walmart", "tipo_centro": null, "dir": "Av. Nextengo No. 78 Santa Cruz Acayucan 02770 México Ciudad De México Mexico", "horario": "07:00 - 23:00", "dias": "Lunes a Domingo", "lon": -99.191116, "lat": 19.471564, "tipo": null, "entidades_que_apoya": null, "entidad": "CDMX" }, "geometry": { "type": "Point", "coordinates": [ -99.191116, 19.4715642 ] } },
{ "type": "Feature", "id": 67, "properties": { "nombre": "Walmart", "tipo_centro": null, "dir": "Fray Servando Teresa de Mier No. 881 Jardín Balbuena 15900 México Ciudad De México Mexico", "horario": "07:00 - 23:00", "dias": "Lunes a Domingo", "lon": -99.101591, "lat": 19.417529, "tipo": null, "entidades_que_apoya": null, "entidad": "CDMX" }, "geometry": { "type": "Point", "coordinates": [ -99.101591, 19.417529 ] } },
{ "type": "Feature", "id": 68, "properties": { "nombre": "Walmart", "tipo_centro": null, "dir": "Blvd. Belisario Domínguez No. 2058 Fraccionamiento Las Arboledas Entre 19-A Poniente y 20 Poniente 29030 Tuxtla Gutiérrez Chiapas Mexico", "horario": "07:00 - 23:00", "dias": "Lunes a Domingo", "lon": -93.134047, "lat": 16.754856, "tipo": null, "entidades_que_apoya": null, "entidad": "Chiapas" }, "geometry": { "type": "Point", "coordinates": [ -93.134047, 16.754856 ] } },
{ "type": "Feature", "id": 69, "properties": { "nombre": "Walmart", "tipo_centro": null, "dir": "Insurgentes Norte No. 131 Guerrero 06300 México Ciudad De México Mexico", "horario": "07:00 - 23:00", "dias": "Lunes a Domingo", "lon": -99.153096, "lat": 19.445907, "tipo": null, "entidades_que_apoya": null, "entidad": "CDMX" }, "geometry": { "type": "Point", "coordinates": [ -99.1530961, 19.4459066 ] } },
{ "type": "Feature", "id": 70, "properties": { "nombre": "Walmart", "tipo_centro": null, "dir": "Av. Bordo de Xochiaca No. 3 Lote A-2 Benito Juárez 50000 Nezahualcoyotl Estado De México Mexico", "horario": "07:00 - 23:00", "dias": "Lunes a Domingo", "lon": -99.024672, "lat": 19.422772, "tipo": null, "entidades_que_apoya": null, "entidad": "EDOMEX" }, "geometry": { "type": "Point", "coordinates": [ -99.0246724, 19.4227717 ] } },
{ "type": "Feature", "id": 71, "properties": { "nombre": "Walmart", "tipo_centro": null, "dir": "Av. Luis Espinoza No. 160 Santiago Atepetlac 09987 Gustavo A. Madero México Ciudad De México Mexico", "horario": "07:00 - 23:00", "dias": "Lunes a Domingo", "lon": -99.154915, "lat": 19.531476, "tipo": null, "entidades_que_apoya": null, "entidad": "CDMX" }, "geometry": { "type": "Point", "coordinates": [ -99.1549154, 19.5314759 ] } },
{ "type": "Feature", "id": 72, "properties": { "nombre": "Walmart", "tipo_centro": null, "dir": "Calzada Ignacio Zaragoza No. 58 Federal 15700 México Ciudad De México Mexico", "horario": "07:00 - 23:00", "dias": "Lunes a Domingo", "lon": -99.054487, "lat": 19.395417, "tipo": null, "entidades_que_apoya": null, "entidad": "CDMX" }, "geometry": { "type": "Point", "coordinates": [ -99.054487, 19.3954174 ] } },
{ "type": "Feature", "id": 73, "properties": { "nombre": "Walmart", "tipo_centro": null, "dir": "Blvd. Alfredo del Mazo No. 503 Jardines de Tlacoapa 50071 Toluca Estado De México Mexico", "horario": "07:00 - 23:00", "dias": "Lunes a Domingo", "lon": -99.634060, "lat": 19.308215, "tipo": null, "entidades_que_apoya": null, "entidad": "EDOMEX" }, "geometry": { "type": "Point", "coordinates": [ -99.6340604, 19.308215 ] } },
{ "type": "Feature", "id": 74, "properties": { "nombre": "Walmart", "tipo_centro": null, "dir": "Blvd. Paseo Interlomas No. 5 Green House Entre Paseo Interlomas y Jesús del Monte 52779 México Estado De México Mexico", "horario": "07:00 - 23:00", "dias": "Lunes a Domingo", "lon": -99.356530, "lat": 19.398121, "tipo": null, "entidades_que_apoya": null, "entidad": "EDOMEX" }, "geometry": { "type": "Point", "coordinates": [ -99.35653, 19.398121 ] } },
{ "type": "Feature", "id": 75, "properties": { "nombre": "Superama", "tipo_centro": null, "dir": "FUENTES DE SATELITE 1 BELLAVISTA 54080", "horario": "07:00 - 23:00", "dias": "Lunes a Domingo", "lon": -99.254498, "lat": 19.523634, "tipo": null, "entidades_que_apoya": null, "entidad": "edomex" }, "geometry": { "type": "Point", "coordinates": [ -99.2544981, 19.5236339 ] } },
{ "type": "Feature", "id": 76, "properties": { "nombre": "Superama", "tipo_centro": null, "dir": "BLVD. MANUEL AVILA CAMACHO NO. 3130  TLALNEPANTLA VALLE DORADO 54020", "horario": "07:00 - 23:00", "dias": "Lunes a Domingo", "lon": -99.209056, "lat": 19.549170, "tipo": null, "entidades_que_apoya": null, "entidad": "edomex" }, "geometry": { "type": "Point", "coordinates": [ -99.2090562, 19.5491703 ] } },
{ "type": "Feature", "id": 78, "properties": { "nombre": "Superama", "tipo_centro": null, "dir": "VIA GUSTAVO BAZ NO. 244 COLON ECHEGARAY 53300", "horario": "07:00 - 23:00", "dias": "Lunes a Domingo", "lon": -99.231572, "lat": 19.480422, "tipo": null, "entidades_que_apoya": null, "entidad": "edomex" }, "geometry": { "type": "Point", "coordinates": [ -99.231572, 19.4804219 ] } },
{ "type": "Feature", "id": 79, "properties": { "nombre": "Superama", "tipo_centro": null, "dir": "AV. LOMAS VERDES 545 LOMAS VERDES 53120", "horario": "07:00 - 23:00", "dias": "Lunes a Domingo", "lon": -99.256990, "lat": 19.505962, "tipo": null, "entidades_que_apoya": null, "entidad": "edomex" }, "geometry": { "type": "Point", "coordinates": [ -99.2569896, 19.5059616 ] } },
{ "type": "Feature", "id": 80, "properties": { "nombre": "Superama", "tipo_centro": null, "dir": "CAMINO A SAN MATEO 20 JARDINES DE SAN MATEO 53240", "horario": "07:00 - 23:00", "dias": "Lunes a Domingo", "lon": -99.247532, "lat": 19.489261, "tipo": null, "entidades_que_apoya": null, "entidad": "edomex" }, "geometry": { "type": "Point", "coordinates": [ -99.2475318, 19.4892608 ] } },
{ "type": "Feature", "id": 81, "properties": { "nombre": "Superama", "tipo_centro": null, "dir": "AV. DE LAS FUENTES 174 LOMAS DE TECAMACHALCO SECCION FUENTES 53950", "horario": "07:00 - 23:00", "dias": "Lunes a Domingo", "lon": -99.237527, "lat": 19.422339, "tipo": null, "entidades_que_apoya": null, "entidad": "edomex" }, "geometry": { "type": "Point", "coordinates": [ -99.237527, 19.422339 ] } },
{ "type": "Feature", "id": 82, "properties": { "nombre": "Superama", "tipo_centro": null, "dir": "AV. IGNACIO COMONFORT NO. 654 NORTE LA PROVIDENCIA 52172", "horario": "07:00 - 23:00", "dias": "Lunes a Domingo", "lon": -99.607095, "lat": 19.273838, "tipo": null, "entidades_que_apoya": null, "entidad": "edomex" }, "geometry": { "type": "Point", "coordinates": [ -99.6070945, 19.2738378 ] } },
{ "type": "Feature", "id": 83, "properties": { "nombre": "Superama", "tipo_centro": null, "dir": "TECNOLOGICO 960 NORTE SAN SALVADOR TIZATLALE 52172", "horario": "07:00 - 23:00", "dias": "Lunes a Domingo", "lon": -99.573977, "lat": 19.274167, "tipo": null, "entidades_que_apoya": null, "entidad": "edomex" }, "geometry": { "type": "Point", "coordinates": [ -99.5739765, 19.274167 ] } },
{ "type": "Feature", "id": 84, "properties": { "nombre": "Superama", "tipo_centro": null, "dir": "BOSQUE DE MINAS NO 33 BOSQUES DE LA HERRADURA 52783", "horario": "07:00 - 23:00", "dias": "Lunes a Domingo", "lon": -99.261543, "lat": 19.422092, "tipo": null, "entidades_que_apoya": null, "entidad": "edomex" }, "geometry": { "type": "Point", "coordinates": [ -99.2615428, 19.4220919 ] } },
{ "type": "Feature", "id": 85, "properties": { "nombre": "Superama", "tipo_centro": null, "dir": "AV JESUS DEL MONTE NO 37 JESUS DEL MONTE 52764", "horario": "07:00 - 23:00", "dias": "Lunes a Domingo", "lon": -99.294185, "lat": 19.382472, "tipo": null, "entidades_que_apoya": null, "entidad": "edomex" }, "geometry": { "type": "Point", "coordinates": [ -99.2941851, 19.3824718 ] } },
{ "type": "Feature", "id": 86, "properties": { "nombre": "Superama", "tipo_centro": null, "dir": "AV. DE LOS BOSQUES 234 HUIXQUILUCAN DE DEGOLLADO CENTRO 52760", "horario": "07:00 - 23:00", "dias": "Lunes a Domingo", "lon": -99.250981, "lat": 19.411261, "tipo": null, "entidades_que_apoya": null, "entidad": "edomex" }, "geometry": { "type": "Point", "coordinates": [ -99.2509811, 19.4112606 ] } },
{ "type": "Feature", "id": 87, "properties": { "nombre": "Superama", "tipo_centro": null, "dir": "Autopista MÌÄå©xico Qro. Km. 37.10  ARCOS DEL ALBA 54750", "horario": "07:00 - 23:00", "dias": "Lunes a Domingo", "lon": -99.198711, "lat": 19.650279, "tipo": null, "entidades_que_apoya": null, "entidad": "edomex" }, "geometry": { "type": "Point", "coordinates": [ -99.1987109, 19.6502794 ] } },
{ "type": "Feature", "id": 89, "properties": { "nombre": "Superama", "tipo_centro": null, "dir": "AV. TOLUCA NO. 511 OLIVAR DE LOS PADRES 01780", "horario": "07:00 - 23:00", "dias": "Lunes a Domingo", "lon": -99.220992, "lat": 19.338205, "tipo": null, "entidades_que_apoya": null, "entidad": "DF" }, "geometry": { "type": "Point", "coordinates": [ -99.220992, 19.3382054 ] } },
{ "type": "Feature", "id": 90, "properties": { "nombre": "Superama", "tipo_centro": null, "dir": "CALZADA DE LAS AGUILAS NO 1819 MIGUEL HIDALGO 01620", "horario": "07:00 - 23:00", "dias": "Lunes a Domingo", "lon": -99.229385, "lat": 19.348636, "tipo": null, "entidades_que_apoya": null, "entidad": "DF" }, "geometry": { "type": "Point", "coordinates": [ -99.2293853, 19.348636 ] } },
{ "type": "Feature", "id": 91, "properties": { "nombre": "Superama", "tipo_centro": null, "dir": "AV. CENTENARIO  MERCED GOMEZ 01600", "horario": "07:00 - 23:00", "dias": "Lunes a Domingo", "lon": -99.212240, "lat": 19.366448, "tipo": null, "entidades_que_apoya": null, "entidad": "DF" }, "geometry": { "type": "Point", "coordinates": [ -99.21224, 19.3664479 ] } },
{ "type": "Feature", "id": 92, "properties": { "nombre": "Superama", "tipo_centro": null, "dir": "CALZADA DE LOS LEONES NO. 242 LOS ALPES 01010", "horario": "07:00 - 23:00", "dias": "Lunes a Domingo", "lon": -99.197593, "lat": 19.359789, "tipo": null, "entidades_que_apoya": null, "entidad": "DF" }, "geometry": { "type": "Point", "coordinates": [ -99.1975933, 19.3597888 ] } },
{ "type": "Feature", "id": 93, "properties": { "nombre": "Superama", "tipo_centro": null, "dir": "AV. DE LAS FUENTES 490 JARDINES DEL PEDREGAL 01900", "horario": "07:00 - 23:00", "dias": "Lunes a Domingo", "lon": -99.206314, "lat": 19.325166, "tipo": null, "entidades_que_apoya": null, "entidad": "DF" }, "geometry": { "type": "Point", "coordinates": [ -99.2063137, 19.3251664 ] } },
{ "type": "Feature", "id": 95, "properties": { "nombre": "Superama", "tipo_centro": null, "dir": "AV. SAN JERONIMO 263 TIZAPAN 01090", "horario": "07:00 - 23:00", "dias": "Lunes a Domingo", "lon": -99.207847, "lat": 19.332243, "tipo": null, "entidades_que_apoya": null, "entidad": "DF" }, "geometry": { "type": "Point", "coordinates": [ -99.2078465, 19.3322431 ] } },
{ "type": "Feature", "id": 96, "properties": { "nombre": "Superama", "tipo_centro": null, "dir": "CALZADA ACOXPA 436 EX HACIENDA COAPA 14340", "horario": "07:00 - 23:00", "dias": "Lunes a Domingo", "lon": -99.130699, "lat": 19.294774, "tipo": null, "entidades_que_apoya": null, "entidad": "DF" }, "geometry": { "type": "Point", "coordinates": [ -99.1306986, 19.2947745 ] } },
{ "type": "Feature", "id": 97, "properties": { "nombre": "Superama", "tipo_centro": null, "dir": "CALLE UNION NO 3 LOMAS DEL PEDREGAL 14220", "horario": "07:00 - 23:00", "dias": "Lunes a Domingo", "lon": -99.221168, "lat": 19.302017, "tipo": null, "entidades_que_apoya": null, "entidad": "DF" }, "geometry": { "type": "Point", "coordinates": [ -99.2211682, 19.3020166 ] } },
{ "type": "Feature", "id": 98, "properties": { "nombre": "Superama", "tipo_centro": null, "dir": "INSURGENTES SUR NO. 4120 TLALPAN CENTRO 14000", "horario": "07:00 - 23:00", "dias": "Lunes a Domingo", "lon": -99.176878, "lat": 19.292515, "tipo": null, "entidades_que_apoya": null, "entidad": "DF" }, "geometry": { "type": "Point", "coordinates": [ -99.1768778, 19.2925152 ] } },
{ "type": "Feature", "id": 99, "properties": { "nombre": "Superama", "tipo_centro": null, "dir": "BLVD. PICACHO AJUSCO NO. 8 JARDINES EN LA MONTAÌâå´A 14210", "horario": "07:00 - 23:00", "dias": "Lunes a Domingo", "lon": -99.212585, "lat": 19.279627, "tipo": null, "entidades_que_apoya": null, "entidad": "DF" }, "geometry": { "type": "Point", "coordinates": [ -99.212585, 19.2796273 ] } },
{ "type": "Feature", "id": 100, "properties": { "nombre": "Superama", "tipo_centro": null, "dir": "CALZ. DE TLALPAN 4467 TORIELLO GUERRA 14050", "horario": "07:00 - 23:00", "dias": "Lunes a Domingo", "lon": -99.157142, "lat": 19.294028, "tipo": null, "entidades_que_apoya": null, "entidad": "DF" }, "geometry": { "type": "Point", "coordinates": [ -99.1571419, 19.2940277 ] } },
{ "type": "Feature", "id": 101, "properties": { "nombre": "Superama", "tipo_centro": null, "dir": "SIERRA VENTANA NO 750 LOMAS DE CHAPULTEPEC 11000", "horario": "07:00 - 23:00", "dias": "Lunes a Domingo", "lon": -99.224274, "lat": 19.418270, "tipo": null, "entidades_que_apoya": null, "entidad": "DF" }, "geometry": { "type": "Point", "coordinates": [ -99.2242742, 19.4182705 ] } },
{ "type": "Feature", "id": 102, "properties": { "nombre": "Superama", "tipo_centro": null, "dir": "BOSQUES DE DURAZNOS NO 187 LOMAS DE CHAPULTEPEC 01170", "horario": "07:00 - 23:00", "dias": "Lunes a Domingo", "lon": -99.241218, "lat": 19.405043, "tipo": null, "entidades_que_apoya": null, "entidad": "DF" }, "geometry": { "type": "Point", "coordinates": [ -99.241217800000015, 19.4050428 ] } },
{ "type": "Feature", "id": 103, "properties": { "nombre": "Superama", "tipo_centro": null, "dir": "AV. MIGUEL DE CERVANTES SAAVEDRA 380 GRANADA 11520", "horario": "07:00 - 23:00", "dias": "Lunes a Domingo", "lon": -99.203005, "lat": 19.440178, "tipo": null, "entidades_que_apoya": null, "entidad": "DF" }, "geometry": { "type": "Point", "coordinates": [ -99.2030052, 19.4401781 ] } },
{ "type": "Feature", "id": 104, "properties": { "nombre": "Superama", "tipo_centro": null, "dir": "AV. HOMERO 310 GRANADA 11520", "horario": "07:00 - 23:00", "dias": "Lunes a Domingo", "lon": -99.197770, "lat": 19.435974, "tipo": null, "entidades_que_apoya": null, "entidad": "DF" }, "geometry": { "type": "Point", "coordinates": [ -99.1977705, 19.4359736 ] } },
{ "type": "Feature", "id": 105, "properties": { "nombre": "Superama", "tipo_centro": null, "dir": "AV HORACIO No 603 CHAPULTEPEC MORALES 11570", "horario": "07:00 - 23:00", "dias": "Lunes a Domingo", "lon": -99.197082, "lat": 19.434411, "tipo": null, "entidades_que_apoya": null, "entidad": "DF" }, "geometry": { "type": "Point", "coordinates": [ -99.1970817, 19.4344112 ] } },
{ "type": "Feature", "id": 106, "properties": { "nombre": "Superama", "tipo_centro": null, "dir": "HORACIO 1740 LOS MORALES 11510", "horario": "07:00 - 23:00", "dias": "Lunes a Domingo", "lon": -99.209566, "lat": 19.435049, "tipo": null, "entidades_que_apoya": null, "entidad": "DF" }, "geometry": { "type": "Point", "coordinates": [ -99.2095658, 19.4350489 ] } },
{ "type": "Feature", "id": 107, "properties": { "nombre": "Superama", "tipo_centro": null, "dir": "LAGO ALBERTO No 320                                  GRANADA 11520", "horario": "07:00 - 23:00", "dias": "Lunes a Domingo", "lon": -99.184205, "lat": 19.439753, "tipo": null, "entidades_que_apoya": null, "entidad": "DF" }, "geometry": { "type": "Point", "coordinates": [ -99.1842055, 19.4397527 ] } },
{ "type": "Feature", "id": 108, "properties": { "nombre": "Superama", "tipo_centro": null, "dir": "AGUILAR Y SEIJAS NO 123 MOLINO DEL REY 11040", "horario": "07:00 - 23:00", "dias": "Lunes a Domingo", "lon": -99.205485, "lat": 19.422311, "tipo": null, "entidades_que_apoya": null, "entidad": "DF" }, "geometry": { "type": "Point", "coordinates": [ -99.2054848, 19.4223109 ] } },
{ "type": "Feature", "id": 109, "properties": { "nombre": "Superama", "tipo_centro": null, "dir": "AV CONTRERAS NO 386 SAN JERONIMO LIDICE 10200", "horario": "07:00 - 23:00", "dias": "Lunes a Domingo", "lon": -99.216894, "lat": 19.325896, "tipo": null, "entidades_que_apoya": null, "entidad": "DF" }, "geometry": { "type": "Point", "coordinates": [ -99.2168941, 19.325896 ] } },
{ "type": "Feature", "id": 110, "properties": { "nombre": "Superama", "tipo_centro": null, "dir": "AV. TLAHUAC #4421 LOMAS ESTRELLA 1A SECCION 09880", "horario": "07:00 - 23:00", "dias": "Lunes a Domingo", "lon": -99.060132, "lat": 19.304648, "tipo": null, "entidades_que_apoya": null, "entidad": "DF" }, "geometry": { "type": "Point", "coordinates": [ -99.0601316, 19.3046479 ] } },
{ "type": "Feature", "id": 111, "properties": { "nombre": "Superama", "tipo_centro": null, "dir": "AV. RIO CHURUBUSCO NO. 583 SECTOR POPULAR 09060", "horario": "07:00 - 23:00", "dias": "Lunes a Domingo", "lon": -99.125474, "lat": 19.368586, "tipo": null, "entidades_que_apoya": null, "entidad": "DF" }, "geometry": { "type": "Point", "coordinates": [ -99.125473899999989, 19.3685864 ] } },
{ "type": "Feature", "id": 112, "properties": { "nombre": "Superama", "tipo_centro": null, "dir": "AV. MONTEVIDEO 360 LINDAVISTA 07300", "horario": "07:00 - 23:00", "dias": "Lunes a Domingo", "lon": -99.131864, "lat": 19.490098, "tipo": null, "entidades_que_apoya": null, "entidad": "DF" }, "geometry": { "type": "Point", "coordinates": [ -99.131863599999988, 19.4900981 ] } },
{ "type": "Feature", "id": 113, "properties": { "nombre": "Superama", "tipo_centro": null, "dir": "AV. MICHOACAN 38 HIPODROMO DE LA CONDESA 06170", "horario": "07:00 - 23:00", "dias": "Lunes a Domingo", "lon": -99.173941, "lat": 19.411417, "tipo": null, "entidades_que_apoya": null, "entidad": "DF" }, "geometry": { "type": "Point", "coordinates": [ -99.1739405, 19.4114169 ] } },
{ "type": "Feature", "id": 114, "properties": { "nombre": "Superama", "tipo_centro": null, "dir": "PACHUCA 99 CONDESA 06140", "horario": "07:00 - 23:00", "dias": "Lunes a Domingo", "lon": -99.178009, "lat": 19.414659, "tipo": null, "entidades_que_apoya": null, "entidad": "DF" }, "geometry": { "type": "Point", "coordinates": [ -99.178008800000015, 19.4146589 ] } },
{ "type": "Feature", "id": 115, "properties": { "nombre": "Superama", "tipo_centro": null, "dir": "RIO BALSAS 23 CUAUHTEMOC 06500", "horario": "07:00 - 23:00", "dias": "Lunes a Domingo", "lon": -99.169714, "lat": 19.432545, "tipo": null, "entidades_que_apoya": null, "entidad": "DF" }, "geometry": { "type": "Point", "coordinates": [ -99.169714399999989, 19.4325452 ] } },
{ "type": "Feature", "id": 116, "properties": { "nombre": "Superama", "tipo_centro": null, "dir": "PASEO DE LILAS NO 92 BOSQUES DE LAS LOMAS 05120", "horario": "07:00 - 23:00", "dias": "Lunes a Domingo", "lon": -99.248303, "lat": 19.389220, "tipo": null, "entidades_que_apoya": null, "entidad": "DF" }, "geometry": { "type": "Point", "coordinates": [ -99.2483025, 19.3892196 ] } },
{ "type": "Feature", "id": 117, "properties": { "nombre": "Superama", "tipo_centro": null, "dir": "AV TAMAULIPAS NO 3000 LA ROSITA 05340", "horario": "07:00 - 23:00", "dias": "Lunes a Domingo", "lon": -99.280516, "lat": 19.360997, "tipo": null, "entidades_que_apoya": null, "entidad": "DF" }, "geometry": { "type": "Point", "coordinates": [ -99.2805165, 19.3609969 ] } },
{ "type": "Feature", "id": 118, "properties": { "nombre": "Superama", "tipo_centro": null, "dir": "NOCHE DE PAZ NO 38 GRANJAS NAVIDAD 05219", "horario": "07:00 - 23:00", "dias": "Lunes a Domingo", "lon": -99.278656, "lat": 19.373245, "tipo": null, "entidades_que_apoya": null, "entidad": "DF" }, "geometry": { "type": "Point", "coordinates": [ -99.278656399999988, 19.3732453 ] } },
{ "type": "Feature", "id": 119, "properties": { "nombre": "Superama", "tipo_centro": null, "dir": "CERRO DE LAS TORRES 229 CAMPESTRE CHURUBUSCO 04200", "horario": "07:00 - 23:00", "dias": "Lunes a Domingo", "lon": -99.132808, "lat": 19.347112, "tipo": null, "entidades_que_apoya": null, "entidad": "DF" }, "geometry": { "type": "Point", "coordinates": [ -99.1328077, 19.3471119 ] } },
{ "type": "Feature", "id": 120, "properties": { "nombre": "Superama", "tipo_centro": null, "dir": "AV. COPILCO 75 COPILCO EL BAJO 04340", "horario": "07:00 - 23:00", "dias": "Lunes a Domingo", "lon": -99.187438, "lat": 19.338134, "tipo": null, "entidades_que_apoya": null, "entidad": "DF" }, "geometry": { "type": "Point", "coordinates": [ -99.187438, 19.3381345 ] } },
{ "type": "Feature", "id": 121, "properties": { "nombre": "Superama", "tipo_centro": null, "dir": "MIGUEL ANGEL DE QUEVEDO 870 COYOACAN CENTRO 04000", "horario": "07:00 - 23:00", "dias": "Lunes a Domingo", "lon": -99.178884, "lat": 19.346160, "tipo": null, "entidades_que_apoya": null, "entidad": "DF" }, "geometry": { "type": "Point", "coordinates": [ -99.1788844, 19.3461598 ] } },
{ "type": "Feature", "id": 122, "properties": { "nombre": "Superama", "tipo_centro": null, "dir": "AV. DIVISION DEL NORTE 3651 PEDREGAL SANTA URSULA 04600", "horario": "07:00 - 23:00", "dias": "Lunes a Domingo", "lon": -99.139063, "lat": 19.320666, "tipo": null, "entidades_que_apoya": null, "entidad": "DF" }, "geometry": { "type": "Point", "coordinates": [ -99.139063, 19.320666 ] } },
{ "type": "Feature", "id": 123, "properties": { "nombre": "Superama", "tipo_centro": null, "dir": "RANCHO SAN LORENZO 6 LOS GIRASOLES 04920", "horario": "07:00 - 23:00", "dias": "Lunes a Domingo", "lon": -99.124979, "lat": 19.310724, "tipo": null, "entidades_que_apoya": null, "entidad": "DF" }, "geometry": { "type": "Point", "coordinates": [ -99.124979, 19.310724 ] } },
{ "type": "Feature", "id": 124, "properties": { "nombre": "Superama", "tipo_centro": null, "dir": "CALZADA TAXQUEÌÄ‰Û÷A #1752 COLONIA PASEOS DE TAXQUEÌÄ‰Û÷A TAXQUEÌÄ‰Û÷A 04280", "horario": "07:00 - 23:00", "dias": "Lunes a Domingo", "lon": -99.128170, "lat": 19.339092, "tipo": null, "entidades_que_apoya": null, "entidad": "DF" }, "geometry": { "type": "Point", "coordinates": [ -99.1281705, 19.3390918 ] } },
{ "type": "Feature", "id": 125, "properties": { "nombre": "Superama", "tipo_centro": null, "dir": "PERIFERICO SUR 5270 EX EJIDO SANTA URSULA COAPA 04650", "horario": "07:00 - 23:00", "dias": "Lunes a Domingo", "lon": -99.160989, "lat": 19.306053, "tipo": null, "entidades_que_apoya": null, "entidad": "DF" }, "geometry": { "type": "Point", "coordinates": [ -99.1609885, 19.3060533 ] } },
{ "type": "Feature", "id": 126, "properties": { "nombre": "Superama", "tipo_centro": null, "dir": "DAKOTA 78 NAPOLES 03810", "horario": "07:00 - 23:00", "dias": "Lunes a Domingo", "lon": -99.176665, "lat": 19.392151, "tipo": null, "entidades_que_apoya": null, "entidad": "DF" }, "geometry": { "type": "Point", "coordinates": [ -99.1766648, 19.3921511 ] } },
{ "type": "Feature", "id": 127, "properties": { "nombre": "Superama", "tipo_centro": null, "dir": "HERIBERTO FRIAS 1107 DEL VALLE 03100", "horario": "07:00 - 23:00", "dias": "Lunes a Domingo", "lon": -99.161281, "lat": 19.385803, "tipo": null, "entidades_que_apoya": null, "entidad": "DF" }, "geometry": { "type": "Point", "coordinates": [ -99.1612807, 19.3858029 ] } },
{ "type": "Feature", "id": 128, "properties": { "nombre": "Superama", "tipo_centro": null, "dir": "Boulevard Xola No. 407  Entre calles Av. Coyoa DEL VALLE NORTE 03103", "horario": "07:00 - 23:00", "dias": "Lunes a Domingo", "lon": -99.166854, "lat": 19.397067, "tipo": null, "entidades_que_apoya": null, "entidad": "DF" }, "geometry": { "type": "Point", "coordinates": [ -99.1668543, 19.397067 ] } },
{ "type": "Feature", "id": 129, "properties": { "nombre": "Superama", "tipo_centro": null, "dir": "DIRECCION DEL VALLE 03100", "horario": "07:00 - 23:00", "dias": "Lunes a Domingo", "lon": -66.904611, "lat": 10.468732, "tipo": null, "entidades_que_apoya": null, "entidad": "DF" }, "geometry": { "type": "Point", "coordinates": [ -66.9046113, 10.4687323 ] } },
{ "type": "Feature", "id": 130, "properties": { "nombre": "Superama", "tipo_centro": null, "dir": "EJE FELIX CUEVAS NO. 374 TLACOQUEMECATL DEL VALLE 03200", "horario": "07:00 - 23:00", "dias": "Lunes a Domingo", "lon": -99.172949, "lat": 19.372709, "tipo": null, "entidades_que_apoya": null, "entidad": "DF" }, "geometry": { "type": "Point", "coordinates": [ -99.172949, 19.3727088 ] } },
{ "type": "Feature", "id": 131, "properties": { "nombre": "Superama", "tipo_centro": null, "dir": "GEORGIA 53 NAPOLES 03810", "horario": "07:00 - 23:00", "dias": "Lunes a Domingo", "lon": -99.177438, "lat": 19.388921, "tipo": null, "entidades_que_apoya": null, "entidad": "DF" }, "geometry": { "type": "Point", "coordinates": [ -99.1774378, 19.3889205 ] } },
{ "type": "Feature", "id": 132, "properties": { "nombre": "Superama", "tipo_centro": null, "dir": "MAXIMINO AVILA CAMACHO 32 CIUDAD DE LOS DEPORTES 03710", "horario": "07:00 - 23:00", "dias": "Lunes a Domingo", "lon": -99.178662, "lat": 19.384440, "tipo": null, "entidades_que_apoya": null, "entidad": "DF" }, "geometry": { "type": "Point", "coordinates": [ -99.1786623, 19.3844404 ] } },
{ "type": "Feature", "id": 133, "properties": { "nombre": "Superama", "tipo_centro": null, "dir": "MAYORAZGO 130 XOCO 03330", "horario": "07:00 - 23:00", "dias": "Lunes a Domingo", "lon": -99.166522, "lat": 19.360478, "tipo": null, "entidades_que_apoya": null, "entidad": "DF" }, "geometry": { "type": "Point", "coordinates": [ -99.166522199999989, 19.3604785 ] } },
{ "type": "Feature", "id": 134, "properties": { "nombre": "Superama", "tipo_centro": null, "dir": "ROMERO DE TERREROS 1461 NARVARTE 03020", "horario": "07:00 - 23:00", "dias": "Lunes a Domingo", "lon": -99.162624, "lat": 19.394106, "tipo": null, "entidades_que_apoya": null, "entidad": "DF" }, "geometry": { "type": "Point", "coordinates": [ -99.1626242, 19.3941064 ] } },
{ "type": "Feature", "id": 135, "properties": { "nombre": "Superama", "tipo_centro": null, "dir": "AV. POPOCATEPETL NO. 546 XOCO 03330", "horario": "07:00 - 23:00", "dias": "Lunes a Domingo", "lon": -99.154338, "lat": 19.361788, "tipo": null, "entidades_que_apoya": null, "entidad": "DF" }, "geometry": { "type": "Point", "coordinates": [ -99.1543385, 19.3617876 ] } },
{ "type": "Feature", "id": 136, "properties": { "nombre": "Superama", "tipo_centro": null, "dir": "AV REVOLUCION NO 1151 MIXCOAC 03910", "horario": "07:00 - 23:00", "dias": "Lunes a Domingo", "lon": -99.188160, "lat": 19.372126, "tipo": null, "entidades_que_apoya": null, "entidad": "DF" }, "geometry": { "type": "Point", "coordinates": [ -99.1881601, 19.3721257 ] } },
{ "type": "Feature", "id": 137, "properties": { "nombre": "Superama", "tipo_centro": null, "dir": "AJUSCO 126 PORTALES 03300", "horario": "07:00 - 23:00", "dias": "Lunes a Domingo", "lon": -99.148639, "lat": 19.362125, "tipo": null, "entidades_que_apoya": null, "entidad": "DF" }, "geometry": { "type": "Point", "coordinates": [ -99.148639, 19.362125 ] } }
]
}
